File;Step;Nome;Emotion;pitAve;pitDir;pitDyn;pitJit;intAve;intDyn;intJit;spcSlo;spcJit
03a01Fa;Unique;1;Hap;7.843;0.069;47.044;225.261;70.152;123.866;124.783;-24.761;291.425
03a01Fa;Unique;1;Hap;7.843;0.069;47.044;225.261;70.152;123.866;124.783;-24.761;291.425
03a01Nc;Unique;2;Neu;3.106;-1.481;34.479;81.602;77.124;119.133;135.310;-23.003;279.199
03a01Nc;Unique;2;Neu;3.106;-1.481;34.479;81.602;77.124;119.133;135.310;-23.003;279.199
03a01Wa;Unique;3;Ang;11.538;-0.748;39.850;239.541;74.989;119.830;125.678;-11.895;236.128
03a02Fc;Unique;4;Hap;14.277;0.144;40.608;49.205;74.946;139.700;116.640;-21.835;260.228
03a02Fc;Unique;4;Hap;14.277;0.144;40.608;49.205;74.946;139.700;116.640;-21.835;260.228
03a02Nc;Unique;5;Neu;2.779;-0.088;36.414;35.817;78.388;136.579;98.402;-23.546;228.249
03a02Nc;Unique;5;Neu;2.779;-0.088;36.414;35.817;78.388;136.579;98.402;-23.546;228.249
03a02Ta;Unique;6;Sad;0.952;-0.552;32.832;49.909;78.794;68.814;84.168;-26.579;231.741
03a02Ta;Unique;6;Sad;0.952;-0.552;32.832;49.909;78.794;68.814;84.168;-26.579;231.741
03a02Wb;Unique;7;Ang;10.099;0.255;53.830;255.318;71.987;122.662;126.559;-14.212;199.145
03a02Wc;Unique;8;Ang;14.640;-0.849;55.092;304.520;70.945;147.799;187.774;-7.266;225.950
03a04Ad;Unique;9;Fea;14.507;-2.025;62.848;312.140;75.534;138.105;161.663;-17.021;320.762
03a04Ad;Unique;9;Fea;14.507;-2.025;62.848;312.140;75.534;138.105;161.663;-17.021;320.762
03a04Fd;Unique;10;Hap;10.980;-1.137;46.569;34.599;72.555;102.452;138.891;-19.524;353.262
03a04Fd;Unique;10;Hap;10.980;-1.137;46.569;34.599;72.555;102.452;138.891;-19.524;353.262
03a04Lc;Unique;11;Bor;1.092;-0.188;24.335;128.274;74.766;64.655;49.598;-20.210;140.245
03a04Lc;Unique;11;Bor;1.092;-0.188;24.335;128.274;74.766;64.655;49.598;-20.210;140.245
03a04Nc;Unique;12;Neu;1.666;-0.263;40.141;45.790;74.118;147.766;132.240;-18.446;345.596
03a04Nc;Unique;12;Neu;1.666;-0.263;40.141;45.790;74.118;147.766;132.240;-18.446;345.596
03a04Ta;Unique;13;Sad;-1.136;-0.789;30.915;45.678;77.867;55.959;46.787;-21.876;268.835
03a04Ta;Unique;13;Sad;-1.136;-0.789;30.915;45.678;77.867;55.959;46.787;-21.876;268.835
03a04Wc;Unique;14;Ang;15.530;-0.337;49.928;241.626;74.898;139.191;167.740;-10.842;260.153
03a05Aa;Unique;15;Fea;14.007;-0.706;85.523;363.118;75.201;193.033;187.700;-19.254;309.652
03a05Aa;Unique;15;Fea;14.007;-0.706;85.523;363.118;75.201;193.033;187.700;-19.254;309.652
03a05Fc;Unique;16;Hap;11.662;-1.508;50.947;324.113;75.728;161.582;138.468;-23.989;312.993
03a05Fc;Unique;16;Hap;11.662;-1.508;50.947;324.113;75.728;161.582;138.468;-23.989;312.993
03a05Nd;Unique;17;Neu;3.480;-0.702;46.805;86.754;77.140;158.367;128.839;-25.468;326.156
03a05Nd;Unique;17;Neu;3.480;-0.702;46.805;86.754;77.140;158.367;128.839;-25.468;326.156
03a05Tc;Unique;18;Sad;0.329;-0.502;44.231;65.730;77.487;114.261;108.254;-29.039;393.742
03a05Tc;Unique;18;Sad;0.329;-0.502;44.231;65.730;77.487;114.261;108.254;-29.039;393.742
03a05Wa;Unique;19;Ang;11.195;0.835;48.116;504.413;73.774;146.226;168.905;-17.978;272.416
03a05Wb;Unique;20;Ang;16.536;0.858;70.195;161.294;73.372;207.033;241.235;-14.027;363.438
03a07Fa;Unique;21;Hap;12.611;-0.145;62.508;317.784;75.179;135.517;108.304;-21.454;238.691
03a07Fa;Unique;21;Hap;12.611;-0.145;62.508;317.784;75.179;135.517;108.304;-21.454;238.691
03a07Fb;Unique;22;Hap;14.623;-1.057;57.737;388.692;75.233;119.064;95.630;-19.617;234.902
03a07Fb;Unique;22;Hap;14.623;-1.057;57.737;388.692;75.233;119.064;95.630;-19.617;234.902
03a07La;Unique;23;Bor;1.432;-0.344;23.690;108.558;77.920;56.908;57.056;-25.596;209.712
03a07La;Unique;23;Bor;1.432;-0.344;23.690;108.558;77.920;56.908;57.056;-25.596;209.712
03a07Nc;Unique;24;Neu;3.276;-0.687;35.285;101.081;79.411;144.602;117.484;-23.906;249.428
03a07Nc;Unique;24;Neu;3.276;-0.687;35.285;101.081;79.411;144.602;117.484;-23.906;249.428
03a07Wc;Unique;25;Ang;16.496;-0.975;46.422;188.301;74.333;185.125;163.336;-12.492;237.723
03b01Fa;Unique;26;Hap;12.808;-0.769;52.155;319.730;77.681;140.706;136.866;-23.271;311.848
03b01Fa;Unique;26;Hap;12.808;-0.769;52.155;319.730;77.681;140.706;136.866;-23.271;311.848
03b01Lb;Unique;27;Bor;3.839;-1.504;31.563;33.359;78.360;115.442;106.504;-22.938;218.530
03b01Lb;Unique;27;Bor;3.839;-1.504;31.563;33.359;78.360;115.442;106.504;-22.938;218.530
03b01Nb;Unique;28;Neu;2.230;-0.798;46.512;59.551;76.028;154.923;121.293;-25.260;333.846
03b01Nb;Unique;28;Neu;2.230;-0.798;46.512;59.551;76.028;154.923;121.293;-25.260;333.846
03b01Td;Unique;29;Sad;4.013;-1.153;85.785;138.491;76.515;69.524;93.170;-27.801;274.080
03b01Td;Unique;29;Sad;4.013;-1.153;85.785;138.491;76.515;69.524;93.170;-27.801;274.080
03b01Wa;Unique;30;Ang;10.635;-1.568;56.776;102.845;73.086;184.093;168.779;-14.414;273.159
03b01Wc;Unique;31;Ang;10.585;-2.063;36.779;75.888;72.709;114.765;119.661;-16.465;234.538
03b02Aa;Unique;32;Fea;11.493;0.168;66.550;260.711;78.323;119.867;115.575;-20.352;214.714
03b02Aa;Unique;32;Fea;11.493;0.168;66.550;260.711;78.323;119.867;115.575;-20.352;214.714
03b02La;Unique;33;Bor;1.687;-0.056;30.206;36.641;75.625;104.247;75.807;-21.806;174.330
03b02La;Unique;33;Bor;1.687;-0.056;30.206;36.641;75.625;104.247;75.807;-21.806;174.330
03b02Na;Unique;34;Neu;1.629;-0.893;32.259;31.992;77.326;98.060;71.048;-20.969;167.387
03b02Na;Unique;34;Neu;1.629;-0.893;32.259;31.992;77.326;98.060;71.048;-20.969;167.387
03b02Tb;Unique;35;Sad;1.282;-0.336;37.001;50.932;76.079;71.732;61.285;-21.653;225.694
03b02Tb;Unique;35;Sad;1.282;-0.336;37.001;50.932;76.079;71.732;61.285;-21.653;225.694
03b02Wb;Unique;36;Ang;9.213;0.572;50.925;267.903;76.134;186.091;173.480;-15.209;195.481
03b03Nb;Unique;37;Neu;4.054;-0.144;46.686;65.389;76.549;134.470;117.617;-22.466;207.092
03b03Nb;Unique;37;Neu;4.054;-0.144;46.686;65.389;76.549;134.470;117.617;-22.466;207.092
03b03Tc;Unique;38;Sad;1.378;-0.615;50.163;84.100;73.814;85.405;81.118;-25.742;325.183
03b03Tc;Unique;38;Sad;1.378;-0.615;50.163;84.100;73.814;85.405;81.118;-25.742;325.183
03b03Wc;Unique;39;Ang;13.830;-0.455;55.072;161.479;72.237;174.428;176.811;-14.351;301.958
03b09La;Unique;40;Bor;1.960;-0.345;32.226;31.463;76.157;100.102;77.399;-20.498;128.547
03b09La;Unique;40;Bor;1.960;-0.345;32.226;31.463;76.157;100.102;77.399;-20.498;128.547
03b09Nc;Unique;41;Neu;3.242;-1.355;26.620;112.092;75.891;110.288;104.264;-22.740;167.987
03b09Nc;Unique;41;Neu;3.242;-1.355;26.620;112.092;75.891;110.288;104.264;-22.740;167.987
03b09Tc;Unique;42;Sad;3.438;-0.313;30.023;45.896;79.176;89.658;85.529;-27.089;238.023
03b09Tc;Unique;42;Sad;3.438;-0.313;30.023;45.896;79.176;89.658;85.529;-27.089;238.023
03b09Wa;Unique;43;Ang;9.544;-0.662;50.403;86.815;71.381;173.207;165.773;-14.673;257.453
03b10Ab;Unique;44;Fea;14.625;-0.991;63.544;391.350;73.048;145.998;148.065;-16.328;254.334
03b10Ab;Unique;44;Fea;14.625;-0.991;63.544;391.350;73.048;145.998;148.065;-16.328;254.334
03b10Ec;Unique;45;Dis;6.326;-0.511;43.081;122.333;75.788;109.480;80.332;-20.727;204.341
03b10Ec;Unique;45;Dis;6.326;-0.511;43.081;122.333;75.788;109.480;80.332;-20.727;204.341
03b10Na;Unique;46;Neu;3.639;-1.226;36.046;110.293;75.502;144.849;120.959;-24.110;217.866
03b10Na;Unique;46;Neu;3.639;-1.226;36.046;110.293;75.502;144.849;120.959;-24.110;217.866
03b10Nc;Unique;47;Neu;4.686;-0.417;33.540;58.672;74.813;93.729;91.205;-25.365;240.179
03b10Nc;Unique;47;Neu;4.686;-0.417;33.540;58.672;74.813;93.729;91.205;-25.365;240.179
03b10Wb;Unique;48;Ang;12.164;-1.779;45.011;180.975;70.682;159.831;187.556;-14.080;255.123
03b10Wc;Unique;49;Ang;14.411;-1.228;49.619;152.254;72.188;172.396;168.545;-12.567;273.883
08a01Ab;Unique;50;Fea;15.624;0.343;45.629;97.273;77.543;101.690;96.776;-21.185;205.431
08a01Ab;Unique;50;Fea;15.624;0.343;45.629;97.273;77.543;101.690;96.776;-21.185;205.431
08a01Fd;Unique;51;Hap;13.369;-1.024;54.785;311.428;82.981;104.253;108.422;-23.213;256.317
08a01Fd;Unique;51;Hap;13.369;-1.024;54.785;311.428;82.981;104.253;108.422;-23.213;256.317
08a01Lc;Unique;52;Bor;11.379;-0.446;24.490;79.114;75.662;78.874;56.725;-21.993;159.706
08a01Lc;Unique;52;Bor;11.379;-0.446;24.490;79.114;75.662;78.874;56.725;-21.993;159.706
08a01Na;Unique;53;Neu;10.668;-0.872;35.124;184.840;77.558;93.398;75.458;-25.274;234.295
08a01Na;Unique;53;Neu;10.668;-0.872;35.124;184.840;77.558;93.398;75.458;-25.274;234.295
08a01Wa;Unique;54;Ang;18.801;-0.548;37.197;30.841;71.409;142.185;144.438;-9.376;260.108
08a01Wc;Unique;55;Ang;22.921;-1.307;50.928;281.528;76.049;163.101;168.455;-6.014;221.569
08a02Ab;Unique;56;Fea;16.024;-0.700;71.538;253.410;76.545;134.374;156.666;-22.151;279.306
08a02Ab;Unique;56;Fea;16.024;-0.700;71.538;253.410;76.545;134.374;156.666;-22.151;279.306
08a02Ac;Unique;57;Fea;15.060;1.045;57.537;192.661;72.401;74.274;84.417;-23.955;243.330
08a02Ac;Unique;57;Fea;15.060;1.045;57.537;192.661;72.401;74.274;84.417;-23.955;243.330
08a02Fe;Unique;58;Hap;13.735;0.084;43.396;111.391;76.792;134.003;139.377;-22.583;242.548
08a02Fe;Unique;58;Hap;13.735;0.084;43.396;111.391;76.792;134.003;139.377;-22.583;242.548
08a02La;Unique;59;Bor;11.018;-1.039;27.150;122.676;79.015;86.198;67.611;-24.052;175.901
08a02La;Unique;59;Bor;11.018;-1.039;27.150;122.676;79.015;86.198;67.611;-24.052;175.901
08a02Na;Unique;60;Neu;11.261;-0.935;31.773;27.891;81.184;107.564;91.395;-28.952;286.075
08a02Na;Unique;60;Neu;11.261;-0.935;31.773;27.891;81.184;107.564;91.395;-28.952;286.075
08a02Tb;Unique;61;Sad;7.605;-1.551;29.459;103.534;83.527;77.189;50.669;-31.734;213.900
08a02Tb;Unique;61;Sad;7.605;-1.551;29.459;103.534;83.527;77.189;50.669;-31.734;213.900
08a02Wc;Unique;62;Ang;19.963;-0.387;47.933;25.847;70.275;126.848;132.736;-11.811;225.904
08a04Ff;Unique;63;Hap;11.938;-0.137;60.542;298.285;72.544;137.073;141.058;-20.772;260.971
08a04Ff;Unique;63;Hap;11.938;-0.137;60.542;298.285;72.544;137.073;141.058;-20.772;260.971
08a04La;Unique;64;Bor;10.496;-1.027;31.013;114.436;78.516;89.149;68.805;-22.201;188.963
08a04La;Unique;64;Bor;10.496;-1.027;31.013;114.436;78.516;89.149;68.805;-22.201;188.963
08a04Nc;Unique;65;Neu;9.389;-0.891;29.475;170.846;77.667;82.497;85.590;-24.038;188.105
08a04Nc;Unique;65;Neu;9.389;-0.891;29.475;170.846;77.667;82.497;85.590;-24.038;188.105
08a04Tb;Unique;66;Sad;8.045;-0.617;31.898;103.468;82.052;76.462;71.948;-32.960;274.199
08a04Tb;Unique;66;Sad;8.045;-0.617;31.898;103.468;82.052;76.462;71.948;-32.960;274.199
08a04Wc;Unique;67;Ang;20.840;-0.361;82.815;319.365;73.854;184.367;182.498;-8.648;242.873
08a05Fe;Unique;68;Hap;17.576;0.054;72.491;193.293;77.271;137.413;123.900;-21.120;339.555
08a05Fe;Unique;68;Hap;17.576;0.054;72.491;193.293;77.271;137.413;123.900;-21.120;339.555
08a05Lc;Unique;69;Bor;12.724;-0.458;42.537;187.986;76.278;109.384;90.615;-26.547;273.236
08a05Lc;Unique;69;Bor;12.724;-0.458;42.537;187.986;76.278;109.384;90.615;-26.547;273.236
08a05Nb;Unique;70;Neu;11.693;-0.887;46.155;266.637;76.239;129.925;130.891;-28.774;308.401
08a05Nb;Unique;70;Neu;11.693;-0.887;46.155;266.637;76.239;129.925;130.891;-28.774;308.401
08a05Ta;Unique;71;Sad;5.805;-0.731;41.611;247.139;80.356;101.247;87.919;-34.588;308.110
08a05Ta;Unique;71;Sad;5.805;-0.731;41.611;247.139;80.356;101.247;87.919;-34.588;308.110
08a05Wa;Unique;72;Ang;20.125;0.114;67.117;237.692;76.705;178.956;188.291;-13.633;338.696
08a07Fd;Unique;73;Hap;16.686;-0.316;53.205;274.104;76.093;156.380;162.061;-22.968;280.051
08a07Fd;Unique;73;Hap;16.686;-0.316;53.205;274.104;76.093;156.380;162.061;-22.968;280.051
08a07La;Unique;74;Bor;10.488;-0.066;48.180;292.885;80.997;89.409;77.434;-29.742;216.141
08a07La;Unique;74;Bor;10.488;-0.066;48.180;292.885;80.997;89.409;77.434;-29.742;216.141
08a07Na;Unique;75;Neu;11.072;-0.800;51.092;280.170;79.703;147.899;129.451;-28.114;275.659
08a07Na;Unique;75;Neu;11.072;-0.800;51.092;280.170;79.703;147.899;129.451;-28.114;275.659
08a07Ta;Unique;76;Sad;7.339;-0.935;41.679;229.041;81.514;155.353;130.269;-33.081;256.791
08a07Ta;Unique;76;Sad;7.339;-0.935;41.679;229.041;81.514;155.353;130.269;-33.081;256.791
08a07Tb;Unique;77;Sad;8.061;-0.008;58.890;337.283;82.144;97.013;96.163;-33.521;230.126
08a07Tb;Unique;77;Sad;8.061;-0.008;58.890;337.283;82.144;97.013;96.163;-33.521;230.126
08a07Wc;Unique;78;Ang;20.981;0.461;79.480;251.014;70.990;187.379;190.406;-16.667;302.165
08b01Aa;Unique;79;Fea;17.295;-0.322;87.027;289.541;76.744;150.709;131.402;-25.678;373.282
08b01Aa;Unique;79;Fea;17.295;-0.322;87.027;289.541;76.744;150.709;131.402;-25.678;373.282
08b01Fd;Unique;80;Hap;13.435;-0.916;50.739;198.019;78.899;157.750;158.031;-22.449;305.892
08b01Fd;Unique;80;Hap;13.435;-0.916;50.739;198.019;78.899;157.750;158.031;-22.449;305.892
08b01Fe;Unique;81;Hap;17.885;-0.118;50.037;56.150;76.563;134.840;145.298;-21.902;349.571
08b01Fe;Unique;81;Hap;17.885;-0.118;50.037;56.150;76.563;134.840;145.298;-21.902;349.571
08b01Lb;Unique;82;Bor;10.252;-0.694;28.623;109.557;79.564;92.238;82.585;-28.906;267.785
08b01Lb;Unique;82;Bor;10.252;-0.694;28.623;109.557;79.564;92.238;82.585;-28.906;267.785
08b01Na;Unique;83;Neu;12.823;-1.140;68.331;565.199;82.250;125.980;136.010;-29.364;380.417
08b01Na;Unique;83;Neu;12.823;-1.140;68.331;565.199;82.250;125.980;136.010;-29.364;380.417
08b01Wa;Unique;84;Ang;16.665;-1.370;56.520;81.479;74.198;157.462;156.365;-18.743;322.302
08b02Ff;Unique;85;Hap;19.431;-0.546;68.485;320.868;74.818;191.250;175.453;-16.819;263.026
08b02Ff;Unique;85;Hap;19.431;-0.546;68.485;320.868;74.818;191.250;175.453;-16.819;263.026
08b02La;Unique;86;Bor;9.817;-0.280;30.025;126.015;74.040;75.143;71.130;-26.796;198.485
08b02La;Unique;86;Bor;9.817;-0.280;30.025;126.015;74.040;75.143;71.130;-26.796;198.485
08b02Nb;Unique;87;Neu;11.221;-0.861;65.159;287.351;77.052;137.061;151.351;-24.775;269.711
08b02Nb;Unique;87;Neu;11.221;-0.861;65.159;287.351;77.052;137.061;151.351;-24.775;269.711
08b02Tc;Unique;88;Sad;7.305;-0.881;40.953;308.055;81.548;93.320;104.111;-27.919;270.401
08b02Tc;Unique;88;Sad;7.305;-0.881;40.953;308.055;81.548;93.320;104.111;-27.919;270.401
08b02Wd;Unique;89;Ang;19.437;0.201;84.612;220.279;73.052;171.207;177.828;-15.262;284.768
08b03Fe;Unique;90;Hap;14.844;-0.301;59.745;220.265;71.157;152.487;147.623;-18.872;329.864
08b03Fe;Unique;90;Hap;14.844;-0.301;59.745;220.265;71.157;152.487;147.623;-18.872;329.864
08b03Lc;Unique;91;Bor;9.930;-0.345;37.637;213.110;79.221;87.646;70.326;-26.557;237.232
08b03Lc;Unique;91;Bor;9.930;-0.345;37.637;213.110;79.221;87.646;70.326;-26.557;237.232
08b03Nb;Unique;92;Neu;12.776;-0.721;66.539;422.549;79.295;114.872;123.880;-26.384;358.591
08b03Nb;Unique;92;Neu;12.776;-0.721;66.539;422.549;79.295;114.872;123.880;-26.384;358.591
08b03Tc;Unique;93;Sad;5.908;-0.288;41.317;291.862;80.130;96.271;105.178;-31.635;317.041
08b03Tc;Unique;93;Sad;5.908;-0.288;41.317;291.862;80.130;96.271;105.178;-31.635;317.041
08b03Wd;Unique;94;Ang;17.440;0.000;64.707;189.938;67.732;145.112;164.487;-19.291;338.972
08b09Ab;Unique;95;Fea;17.305;-0.011;76.516;237.693;77.836;149.206;151.124;-25.503;298.896
08b09Ab;Unique;95;Fea;17.305;-0.011;76.516;237.693;77.836;149.206;151.124;-25.503;298.896
08b09Fd;Unique;96;Hap;16.292;-0.313;49.319;187.405;72.565;120.056;129.824;-20.016;274.109
08b09Fd;Unique;96;Hap;16.292;-0.313;49.319;187.405;72.565;120.056;129.824;-20.016;274.109
08b09Lc;Unique;97;Bor;8.481;-0.143;42.917;170.639;78.322;89.182;69.845;-28.828;248.403
08b09Lc;Unique;97;Bor;8.481;-0.143;42.917;170.639;78.322;89.182;69.845;-28.828;248.403
08b09Nb;Unique;98;Neu;10.031;-0.167;43.954;236.480;76.271;145.605;135.738;-27.147;237.497
08b09Nb;Unique;98;Neu;10.031;-0.167;43.954;236.480;76.271;145.605;135.738;-27.147;237.497
08b09Tb;Unique;99;Sad;5.889;-0.332;37.985;349.573;77.974;102.691;107.857;-32.460;296.506
08b09Tb;Unique;99;Sad;5.889;-0.332;37.985;349.573;77.974;102.691;107.857;-32.460;296.506
08b09Wa;Unique;100;Ang;18.514;-0.304;66.218;311.188;73.902;143.785;145.226;-18.358;288.282
08b09Wc;Unique;101;Ang;17.077;-0.588;57.667;138.110;72.565;121.988;119.905;-18.593;307.061
08b10Aa;Unique;102;Fea;16.538;-0.229;78.359;455.342;77.625;120.176;120.512;-23.294;280.010
08b10Aa;Unique;102;Fea;16.538;-0.229;78.359;455.342;77.625;120.176;120.512;-23.294;280.010
08b10Fd;Unique;103;Hap;15.512;-1.173;52.531;219.608;76.322;152.837;158.126;-19.858;261.014
08b10Fd;Unique;103;Hap;15.512;-1.173;52.531;219.608;76.322;152.837;158.126;-19.858;261.014
08b10La;Unique;104;Bor;8.806;-0.499;26.034;77.474;77.624;73.227;55.901;-27.272;214.385
08b10La;Unique;104;Bor;8.806;-0.499;26.034;77.474;77.624;73.227;55.901;-27.272;214.385
08b10Nc;Unique;105;Neu;9.858;-0.528;38.743;127.778;75.407;108.172;88.290;-27.204;303.627
08b10Nc;Unique;105;Neu;9.858;-0.528;38.743;127.778;75.407;108.172;88.290;-27.204;303.627
08b10Tc;Unique;106;Sad;6.736;-0.165;33.640;159.918;79.954;104.927;81.531;-30.008;321.009
08b10Tc;Unique;106;Sad;6.736;-0.165;33.640;159.918;79.954;104.927;81.531;-30.008;321.009
08b10Wa;Unique;107;Ang;17.145;-0.118;59.324;159.302;72.050;131.331;118.865;-16.882;267.117
09a01Ea;Unique;108;Dis;15.283;-0.684;29.021;109.938;75.061;119.786;100.564;-15.892;284.089
09a01Ea;Unique;108;Dis;15.283;-0.684;29.021;109.938;75.061;119.786;100.564;-15.892;284.089
09a01Fa;Unique;109;Hap;22.116;0.159;37.688;115.040;72.356;130.001;141.084;-4.565;198.850
09a01Fa;Unique;109;Hap;22.116;0.159;37.688;115.040;72.356;130.001;141.084;-4.565;198.850
09a01Nb;Unique;110;Neu;7.172;-1.303;43.210;203.249;76.821;92.209;107.572;-19.417;253.177
09a01Nb;Unique;110;Neu;7.172;-1.303;43.210;203.249;76.821;92.209;107.572;-19.417;253.177
09a01Wb;Unique;111;Ang;16.046;-1.114;60.126;261.318;71.398;136.048;157.369;-8.024;223.859
09a02Ea;Unique;112;Dis;16.698;0.776;41.317;163.868;72.619;97.435;99.195;-18.144;184.650
09a02Ea;Unique;112;Dis;16.698;0.776;41.317;163.868;72.619;97.435;99.195;-18.144;184.650
09a02Eb;Unique;113;Dis;14.616;-1.619;42.445;99.309;75.054;175.078;116.088;-18.356;236.646
09a02Eb;Unique;113;Dis;14.616;-1.619;42.445;99.309;75.054;175.078;116.088;-18.356;236.646
09a02La;Unique;114;Bor;8.794;-2.496;27.158;168.619;77.351;94.939;59.337;-25.723;215.790
09a02La;Unique;114;Bor;8.794;-2.496;27.158;168.619;77.351;94.939;59.337;-25.723;215.790
09a02Wb;Unique;115;Ang;15.567;-0.766;54.091;124.005;69.052;128.030;124.553;-15.899;255.264
09a04Fd;Unique;116;Hap;20.171;-0.472;66.096;228.784;69.189;152.248;134.158;-10.835;215.018
09a04Fd;Unique;116;Hap;20.171;-0.472;66.096;228.784;69.189;152.248;134.158;-10.835;215.018
09a04La;Unique;117;Bor;7.874;-0.848;33.353;156.994;77.305;72.709;66.311;-24.156;286.385
09a04La;Unique;117;Bor;7.874;-0.848;33.353;156.994;77.305;72.709;66.311;-24.156;286.385
09a04Nb;Unique;118;Neu;8.549;-1.244;28.626;208.245;77.427;105.730;97.703;-21.494;290.136
09a04Nb;Unique;118;Neu;8.549;-1.244;28.626;208.245;77.427;105.730;97.703;-21.494;290.136
09a04Wa;Unique;119;Ang;16.215;-1.819;47.129;407.815;69.345;127.875;131.210;-10.900;308.205
09a05Ed;Unique;120;Dis;14.522;0.219;67.894;283.424;76.322;120.236;113.950;-25.228;333.178
09a05Ed;Unique;120;Dis;14.522;0.219;67.894;283.424;76.322;120.236;113.950;-25.228;333.178
09a05Lc;Unique;121;Bor;7.900;-1.240;22.656;219.026;76.735;92.053;85.183;-27.461;299.287
09a05Lc;Unique;121;Bor;7.900;-1.240;22.656;219.026;76.735;92.053;85.183;-27.461;299.287
09a05Nb;Unique;122;Neu;9.785;-0.597;30.625;191.486;74.933;83.961;79.361;-32.294;297.585
09a05Nb;Unique;122;Neu;9.785;-0.597;30.625;191.486;74.933;83.961;79.361;-32.294;297.585
09a05Tb;Unique;123;Sad;7.468;-0.131;49.937;201.508;77.192;93.886;104.176;-27.002;310.890
09a05Tb;Unique;123;Sad;7.468;-0.131;49.937;201.508;77.192;93.886;104.176;-27.002;310.890
09a05Wb;Unique;124;Ang;19.043;-0.545;60.839;281.672;73.030;149.745;172.544;-14.246;324.974
09a05Wc;Unique;125;Ang;20.303;-0.314;55.789;241.255;70.642;167.675;182.689;-10.206;308.139
09a07Eb;Unique;126;Dis;13.232;-0.319;79.024;325.879;73.761;127.340;94.913;-23.893;267.494
09a07Eb;Unique;126;Dis;13.232;-0.319;79.024;325.879;73.761;127.340;94.913;-23.893;267.494
09a07Na;Unique;127;Neu;8.158;-1.112;33.056;245.473;80.397;129.022;95.528;-26.716;267.737
09a07Na;Unique;127;Neu;8.158;-1.112;33.056;245.473;80.397;129.022;95.528;-26.716;267.737
09a07Ta;Unique;128;Sad;8.951;-0.845;30.255;286.961;82.556;97.117;93.146;-28.969;249.310
09a07Ta;Unique;128;Sad;8.951;-0.845;30.255;286.961;82.556;97.117;93.146;-28.969;249.310
09a07Wb;Unique;129;Ang;22.538;-1.279;53.180;347.718;73.586;160.268;164.522;-8.835;240.918
09a07Wd;Unique;130;Ang;14.549;-0.638;55.561;204.069;74.119;114.426;87.840;-17.022;195.756
09b01Ea;Unique;131;Dis;18.250;-0.099;58.307;211.065;72.752;115.475;128.423;-18.549;245.275
09b01Ea;Unique;131;Dis;18.250;-0.099;58.307;211.065;72.752;115.475;128.423;-18.549;245.275
09b01Na;Unique;132;Neu;9.376;-2.255;37.180;319.113;78.303;140.375;134.170;-28.407;314.047
09b01Na;Unique;132;Neu;9.376;-2.255;37.180;319.113;78.303;140.375;134.170;-28.407;314.047
09b01Wb;Unique;133;Ang;17.321;-1.314;67.772;197.707;74.682;166.546;203.524;-14.624;339.485
09b02Na;Unique;134;Neu;7.430;-0.540;34.046;197.039;79.584;108.026;98.845;-23.510;253.795
09b02Na;Unique;134;Neu;7.430;-0.540;34.046;197.039;79.584;108.026;98.845;-23.510;253.795
09b02Tb;Unique;135;Sad;7.248;0.013;24.341;232.188;82.056;76.975;77.389;-26.570;270.105
09b02Tb;Unique;135;Sad;7.248;0.013;24.341;232.188;82.056;76.975;77.389;-26.570;270.105
09b02Wc;Unique;136;Ang;11.192;-0.414;46.202;300.480;77.258;118.065;118.249;-19.116;246.756
09b02Wd;Unique;137;Ang;16.032;0.595;36.771;107.003;71.352;124.548;130.062;-11.868;275.400
09b03Ed;Unique;138;Dis;14.626;-1.164;59.176;251.425;74.483;122.211;112.716;-20.646;312.012
09b03Ed;Unique;138;Dis;14.626;-1.164;59.176;251.425;74.483;122.211;112.716;-20.646;312.012
09b03Fa;Unique;139;Hap;21.166;-0.189;67.354;345.472;68.538;184.095;178.252;-13.461;336.423
09b03Fa;Unique;139;Hap;21.166;-0.189;67.354;345.472;68.538;184.095;178.252;-13.461;336.423
09b03Fd;Unique;140;Hap;18.499;-0.319;54.182;185.209;73.997;147.168;141.792;-14.698;299.873
09b03Fd;Unique;140;Hap;18.499;-0.319;54.182;185.209;73.997;147.168;141.792;-14.698;299.873
09b03Lb;Unique;141;Bor;7.922;-0.144;33.215;190.102;76.385;76.344;65.767;-22.046;241.436
09b03Lb;Unique;141;Bor;7.922;-0.144;33.215;190.102;76.385;76.344;65.767;-22.046;241.436
09b03Nb;Unique;142;Neu;8.748;-0.713;29.414;223.319;78.695;97.175;80.754;-24.616;251.409
09b03Nb;Unique;142;Neu;8.748;-0.713;29.414;223.319;78.695;97.175;80.754;-24.616;251.409
09b03Ta;Unique;143;Sad;6.990;-0.259;37.712;212.092;83.928;59.418;69.557;-26.076;293.530
09b03Ta;Unique;143;Sad;6.990;-0.259;37.712;212.092;83.928;59.418;69.557;-26.076;293.530
09b03Wb;Unique;144;Ang;17.371;-0.663;50.114;120.108;72.511;152.819;155.509;-10.595;295.067
09b09Ea;Unique;145;Dis;13.435;-0.588;40.680;122.447;77.645;115.554;90.143;-24.236;250.322
09b09Ea;Unique;145;Dis;13.435;-0.588;40.680;122.447;77.645;115.554;90.143;-24.236;250.322
09b09Nd;Unique;146;Neu;7.174;-0.172;29.433;261.489;78.175;93.397;91.692;-25.941;218.935
09b09Nd;Unique;146;Neu;7.174;-0.172;29.433;261.489;78.175;93.397;91.692;-25.941;218.935
09b09Wa;Unique;147;Ang;15.319;-1.287;44.423;141.021;75.724;163.754;152.070;-14.945;280.430
09b10Aa;Unique;148;Fea;17.019;-0.246;54.729;300.441;80.647;93.599;86.775;-25.166;205.182
09b10Aa;Unique;148;Fea;17.019;-0.246;54.729;300.441;80.647;93.599;86.775;-25.166;205.182
09b10Nd;Unique;149;Neu;8.521;-0.198;21.710;237.067;76.415;92.396;73.307;-27.148;240.153
09b10Nd;Unique;149;Neu;8.521;-0.198;21.710;237.067;76.415;92.396;73.307;-27.148;240.153
09b10Wa;Unique;150;Ang;18.620;-1.141;62.125;122.075;72.949;163.895;156.776;-14.455;277.134
10a01Ac;Unique;151;Fea;6.212;-1.241;73.458;88.330;67.519;74.712;67.246;-19.003;173.145
10a01Ac;Unique;151;Fea;6.212;-1.241;73.458;88.330;67.519;74.712;67.246;-19.003;173.145
10a01Nb;Unique;152;Neu;-0.383;-1.739;52.853;56.453;80.074;82.223;92.051;-25.959;310.297
10a01Nb;Unique;152;Neu;-0.383;-1.739;52.853;56.453;80.074;82.223;92.051;-25.959;310.297
10a01Wa;Unique;153;Ang;9.549;0.131;34.610;142.732;68.297;99.238;75.107;-12.464;215.794
10a02Ab;Unique;154;Fea;9.436;-0.012;70.206;215.601;78.065;162.704;187.635;-22.186;255.808
10a02Ab;Unique;154;Fea;9.436;-0.012;70.206;215.601;78.065;162.704;187.635;-22.186;255.808
10a02Fa;Unique;155;Hap;15.945;0.056;59.743;113.966;75.902;185.516;189.568;-16.075;201.331
10a02Fa;Unique;155;Hap;15.945;0.056;59.743;113.966;75.902;185.516;189.568;-16.075;201.331
10a02Lb;Unique;156;Bor;3.259;-1.110;39.841;155.268;80.626;89.900;84.120;-23.101;177.303
10a02Lb;Unique;156;Bor;3.259;-1.110;39.841;155.268;80.626;89.900;84.120;-23.101;177.303
10a02Na;Unique;157;Neu;4.633;-0.384;45.797;29.709;80.310;117.721;98.416;-22.260;203.003
10a02Na;Unique;157;Neu;4.633;-0.384;45.797;29.709;80.310;117.721;98.416;-22.260;203.003
10a02Wa;Unique;158;Ang;8.945;-0.110;46.626;29.424;72.492;77.388;65.172;-14.952;186.089
10a04Fd;Unique;159;Hap;13.476;-0.037;62.615;128.216;75.180;159.769;147.514;-16.671;220.999
10a04Fd;Unique;159;Hap;13.476;-0.037;62.615;128.216;75.180;159.769;147.514;-16.671;220.999
10a04Nb;Unique;160;Neu;-0.045;-2.284;45.930;62.974;77.561;58.897;56.084;-22.850;266.189
10a04Nb;Unique;160;Neu;-0.045;-2.284;45.930;62.974;77.561;58.897;56.084;-22.850;266.189
10a04Wa;Unique;161;Ang;10.033;-0.600;47.186;64.811;73.207;106.353;101.490;-17.566;289.094
10a04Wb;Unique;162;Ang;14.372;-1.698;47.811;259.622;75.003;89.559;122.535;-9.348;275.778
10a05Aa;Unique;163;Fea;11.998;0.004;67.452;317.117;77.160;186.579;186.239;-21.884;346.161
10a05Aa;Unique;163;Fea;11.998;0.004;67.452;317.117;77.160;186.579;186.239;-21.884;346.161
10a05Ld;Unique;164;Bor;0.675;-0.425;39.608;32.833;75.675;110.356;96.291;-26.173;245.878
10a05Ld;Unique;164;Bor;0.675;-0.425;39.608;32.833;75.675;110.356;96.291;-26.173;245.878
10a05Tb;Unique;165;Sad;-1.877;-0.426;121.501;224.525;81.755;81.506;87.688;-29.888;414.315
10a05Tb;Unique;165;Sad;-1.877;-0.426;121.501;224.525;81.755;81.506;87.688;-29.888;414.315
10a05Wb;Unique;166;Ang;13.417;0.788;67.557;315.010;67.923;141.620;144.545;-20.070;320.883
10a07Aa;Unique;167;Fea;9.193;-0.401;57.379;326.987;76.280;141.491;127.908;-21.303;288.753
10a07Aa;Unique;167;Fea;9.193;-0.401;57.379;326.987;76.280;141.491;127.908;-21.303;288.753
10a07Ad;Unique;168;Fea;6.271;-0.919;58.776;140.708;75.047;147.833;134.529;-22.549;273.223
10a07Ad;Unique;168;Fea;6.271;-0.919;58.776;140.708;75.047;147.833;134.529;-22.549;273.223
10a07La;Unique;169;Bor;1.480;-0.928;37.346;170.289;78.820;79.874;75.772;-25.504;273.543
10a07La;Unique;169;Bor;1.480;-0.928;37.346;170.289;78.820;79.874;75.772;-25.504;273.543
10a07Ta;Unique;170;Sad;-1.048;-1.668;69.260;131.939;79.307;94.996;79.677;-29.612;451.043
10a07Ta;Unique;170;Sad;-1.048;-1.668;69.260;131.939;79.307;94.996;79.677;-29.612;451.043
10a07Wb;Unique;171;Ang;9.567;0.178;62.382;88.782;61.919;58.124;72.975;-20.396;185.406
10b01Aa;Unique;172;Fea;12.938;-1.077;55.592;172.781;78.515;127.844;123.289;-22.017;259.104
10b01Aa;Unique;172;Fea;12.938;-1.077;55.592;172.781;78.515;127.844;123.289;-22.017;259.104
10b01Ea;Unique;173;Dis;5.999;-2.271;63.008;74.164;74.958;165.128;149.868;-18.822;302.537
10b01Ea;Unique;173;Dis;5.999;-2.271;63.008;74.164;74.958;165.128;149.868;-18.822;302.537
10b01Fa;Unique;174;Hap;8.279;-1.787;55.373;167.800;76.829;184.861;164.525;-20.534;285.725
10b01Fa;Unique;174;Hap;8.279;-1.787;55.373;167.800;76.829;184.861;164.525;-20.534;285.725
10b01Lb;Unique;175;Bor;1.455;-1.519;42.585;36.943;78.043;94.385;80.583;-25.429;206.350
10b01Lb;Unique;175;Bor;1.455;-1.519;42.585;36.943;78.043;94.385;80.583;-25.429;206.350
10b02Aa;Unique;176;Fea;8.430;-0.633;59.335;315.026;78.196;132.008;117.743;-21.983;270.858
10b02Aa;Unique;176;Fea;8.430;-0.633;59.335;315.026;78.196;132.008;117.743;-21.983;270.858
10b02La;Unique;177;Bor;0.002;-0.795;27.028;22.043;80.600;70.057;59.684;-23.669;169.139
10b02La;Unique;177;Bor;0.002;-0.795;27.028;22.043;80.600;70.057;59.684;-23.669;169.139
10b02Na;Unique;178;Neu;0.881;-0.657;47.098;41.554;79.970;116.526;101.868;-22.196;201.015
10b02Na;Unique;178;Neu;0.881;-0.657;47.098;41.554;79.970;116.526;101.868;-22.196;201.015
10b02Wb;Unique;179;Ang;10.210;-0.279;57.846;196.570;66.141;145.104;133.068;-15.020;246.712
10b03La;Unique;180;Bor;1.775;-0.394;36.115;30.522;77.674;96.415;70.491;-20.210;183.099
10b03La;Unique;180;Bor;1.775;-0.394;36.115;30.522;77.674;96.415;70.491;-20.210;183.099
10b03Tb;Unique;181;Sad;-2.006;-0.849;73.200;144.900;79.430;91.816;102.787;-26.404;359.998
10b03Tb;Unique;181;Sad;-2.006;-0.849;73.200;144.900;79.430;91.816;102.787;-26.404;359.998
10b03Wb;Unique;182;Ang;11.280;-0.826;38.011;114.616;70.502;107.428;119.868;-12.375;264.468
10b09Ad;Unique;183;Fea;2.152;-0.831;53.755;53.328;75.590;128.174;118.901;-23.515;282.112
10b09Ad;Unique;183;Fea;2.152;-0.831;53.755;53.328;75.590;128.174;118.901;-23.515;282.112
10b09Lb;Unique;184;Bor;0.814;-0.417;30.480;29.813;78.839;84.941;68.079;-24.425;184.632
10b09Lb;Unique;184;Bor;0.814;-0.417;30.480;29.813;78.839;84.941;68.079;-24.425;184.632
10b09Wb;Unique;185;Ang;12.755;0.769;57.731;191.954;67.099;119.314;133.824;-16.210;207.423
10b10Fc;Unique;186;Hap;11.672;-1.530;62.432;149.271;75.032;148.737;142.499;-16.543;246.459
10b10Fc;Unique;186;Hap;11.672;-1.530;62.432;149.271;75.032;148.737;142.499;-16.543;246.459
10b10Lc;Unique;187;Bor;-1.165;-1.125;35.651;29.506;79.148;82.253;78.481;-24.330;176.730
10b10Lc;Unique;187;Bor;-1.165;-1.125;35.651;29.506;79.148;82.253;78.481;-24.330;176.730
10b10Wa;Unique;188;Ang;12.725;-1.098;32.198;80.485;67.304;131.384;138.127;-13.274;183.772
11a01Aa;Unique;189;Fea;3.667;-1.235;47.087;49.926;79.033;123.435;136.181;-21.887;329.383
11a01Aa;Unique;189;Fea;3.667;-1.235;47.087;49.926;79.033;123.435;136.181;-21.887;329.383
11a01Ab;Unique;190;Fea;3.687;0.444;47.865;54.096;78.263;81.506;84.041;-21.355;285.001
11a01Ab;Unique;190;Fea;3.687;0.444;47.865;54.096;78.263;81.506;84.041;-21.355;285.001
11a01Ld;Unique;191;Bor;2.859;-1.615;45.351;38.621;79.907;81.370;64.296;-27.012;293.707
11a01Ld;Unique;191;Bor;2.859;-1.615;45.351;38.621;79.907;81.370;64.296;-27.012;293.707
11a01Nd;Unique;192;Neu;1.288;-0.855;41.157;41.337;75.894;92.352;95.610;-23.669;301.721
11a01Nd;Unique;192;Neu;1.288;-0.855;41.157;41.337;75.894;92.352;95.610;-23.669;301.721
11a01Wc;Unique;193;Ang;13.218;-3.316;69.837;110.712;70.366;183.305;172.416;-14.071;282.726
11a02Ec;Unique;194;Dis;7.185;0.108;42.275;133.092;78.984;115.513;103.913;-24.474;264.329
11a02Ec;Unique;194;Dis;7.185;0.108;42.275;133.092;78.984;115.513;103.913;-24.474;264.329
11a02Fb;Unique;195;Hap;11.366;-1.506;60.591;123.414;71.816;140.737;133.226;-22.209;255.351
11a02Fb;Unique;195;Hap;11.366;-1.506;60.591;123.414;71.816;140.737;133.226;-22.209;255.351
11a02Ld;Unique;196;Bor;2.306;-1.713;26.841;21.146;80.195;72.996;57.990;-28.200;204.747
11a02Ld;Unique;196;Bor;2.306;-1.713;26.841;21.146;80.195;72.996;57.990;-28.200;204.747
11a02Nc;Unique;197;Neu;1.147;-0.966;36.107;48.029;72.398;110.702;82.915;-28.879;293.218
11a02Nc;Unique;197;Neu;1.147;-0.966;36.107;48.029;72.398;110.702;82.915;-28.879;293.218
11a02Tc;Unique;198;Sad;0.153;-0.722;32.283;39.123;77.814;64.274;63.780;-33.007;352.210
11a02Tc;Unique;198;Sad;0.153;-0.722;32.283;39.123;77.814;64.274;63.780;-33.007;352.210
11a02Wc;Unique;199;Ang;14.944;-1.535;56.980;282.918;69.169;80.540;93.042;-14.310;173.953
11a04Ac;Unique;200;Fea;7.230;-1.901;50.707;193.197;72.203;119.620;107.245;-21.580;318.527
11a04Ac;Unique;200;Fea;7.230;-1.901;50.707;193.197;72.203;119.620;107.245;-21.580;318.527
11a04Fd;Unique;201;Hap;9.499;-1.533;48.337;349.065;69.521;99.821;137.961;-19.270;282.432
11a04Fd;Unique;201;Hap;9.499;-1.533;48.337;349.065;69.521;99.821;137.961;-19.270;282.432
11a04Nd;Unique;202;Neu;0.423;-1.766;33.943;32.134;75.430;104.356;86.989;-29.680;304.617
11a04Nd;Unique;202;Neu;0.423;-1.766;33.943;32.134;75.430;104.356;86.989;-29.680;304.617
11a04Wc;Unique;203;Ang;15.315;-2.008;67.360;192.323;75.817;126.078;114.943;-10.929;196.238
11a05Ad;Unique;204;Fea;10.288;-1.830;53.585;247.284;77.562;120.712;128.502;-21.048;306.405
11a05Ad;Unique;204;Fea;10.288;-1.830;53.585;247.284;77.562;120.712;128.502;-21.048;306.405
11a05Fb;Unique;205;Hap;12.482;-1.067;72.852;377.753;73.515;179.267;188.828;-20.365;309.984
11a05Fb;Unique;205;Hap;12.482;-1.067;72.852;377.753;73.515;179.267;188.828;-20.365;309.984
11a05Fc;Unique;206;Hap;14.904;-0.330;72.550;327.202;72.968;162.642;179.514;-18.503;339.092
11a05Fc;Unique;206;Hap;14.904;-0.330;72.550;327.202;72.968;162.642;179.514;-18.503;339.092
11a05Lc;Unique;207;Bor;1.564;-0.957;39.887;56.730;79.371;75.928;72.446;-28.211;296.762
11a05Lc;Unique;207;Bor;1.564;-0.957;39.887;56.730;79.371;75.928;72.446;-28.211;296.762
11a05Na;Unique;208;Neu;1.010;-0.621;36.781;47.725;78.578;111.913;105.703;-29.611;331.020
11a05Na;Unique;208;Neu;1.010;-0.621;36.781;47.725;78.578;111.913;105.703;-29.611;331.020
11a05Td;Unique;209;Sad;0.505;-1.823;46.651;54.607;75.563;94.378;85.895;-32.666;336.001
11a05Td;Unique;209;Sad;0.505;-1.823;46.651;54.607;75.563;94.378;85.895;-32.666;336.001
11a05Wd;Unique;210;Ang;8.756;-0.106;50.651;341.379;73.860;138.740;153.567;-20.285;258.764
11a07Ac;Unique;211;Fea;10.637;-2.124;52.189;186.478;74.691;172.881;136.619;-19.883;302.535
11a07Ac;Unique;211;Fea;10.637;-2.124;52.189;186.478;74.691;172.881;136.619;-19.883;302.535
11a07Ld;Unique;212;Bor;4.830;-1.291;39.133;48.007;77.098;76.869;72.790;-30.219;203.630
11a07Ld;Unique;212;Bor;4.830;-1.291;39.133;48.007;77.098;76.869;72.790;-30.219;203.630
11a07Ta;Unique;213;Sad;0.378;-1.636;41.807;63.260;80.413;66.155;65.011;-33.581;303.277
11a07Ta;Unique;213;Sad;0.378;-1.636;41.807;63.260;80.413;66.155;65.011;-33.581;303.277
11a07Wc;Unique;214;Ang;17.769;-2.069;46.465;29.745;74.314;140.594;131.813;-12.368;227.887
11b01Ab;Unique;215;Fea;5.783;-1.288;66.929;67.244;75.023;170.743;159.799;-21.709;324.182
11b01Ab;Unique;215;Fea;5.783;-1.288;66.929;67.244;75.023;170.743;159.799;-21.709;324.182
11b01Eb;Unique;216;Dis;5.998;-2.203;50.319;136.711;75.543;117.093;100.125;-23.825;277.462
11b01Eb;Unique;216;Dis;5.998;-2.203;50.319;136.711;75.543;117.093;100.125;-23.825;277.462
11b01Fc;Unique;217;Hap;9.561;-2.735;82.165;216.009;72.451;122.377;99.897;-23.516;304.778
11b01Fc;Unique;217;Hap;9.561;-2.735;82.165;216.009;72.451;122.377;99.897;-23.516;304.778
11b01Lb;Unique;218;Bor;2.899;-2.748;41.625;67.163;79.957;102.426;93.705;-26.473;278.574
11b01Lb;Unique;218;Bor;2.899;-2.748;41.625;67.163;79.957;102.426;93.705;-26.473;278.574
11b01Nc;Unique;219;Neu;2.434;-1.900;42.371;45.894;78.530;134.265;124.227;-30.127;266.109
11b01Nc;Unique;219;Neu;2.434;-1.900;42.371;45.894;78.530;134.265;124.227;-30.127;266.109
11b01Wd;Unique;220;Ang;13.009;-2.188;67.445;118.175;72.902;152.700;151.924;-15.131;313.641
11b02Ab;Unique;221;Fea;6.633;-0.337;64.905;159.707;76.035;166.413;129.130;-22.092;267.475
11b02Ab;Unique;221;Fea;6.633;-0.337;64.905;159.707;76.035;166.413;129.130;-22.092;267.475
11b02Fd;Unique;222;Hap;8.477;-0.166;56.329;162.813;75.833;178.469;166.800;-18.954;311.499
11b02Fd;Unique;222;Hap;8.477;-0.166;56.329;162.813;75.833;178.469;166.800;-18.954;311.499
11b02Na;Unique;223;Neu;1.450;-0.459;45.098;40.145;73.452;142.867;122.228;-23.072;255.307
11b02Na;Unique;223;Neu;1.450;-0.459;45.098;40.145;73.452;142.867;122.228;-23.072;255.307
11b02Td;Unique;224;Sad;0.268;-0.717;29.057;31.417;76.962;84.736;67.862;-28.649;293.485
11b02Td;Unique;224;Sad;0.268;-0.717;29.057;31.417;76.962;84.736;67.862;-28.649;293.485
11b02Wb;Unique;225;Ang;11.097;0.554;55.966;192.350;74.444;150.944;136.977;-15.075;276.793
11b03Fc;Unique;226;Hap;10.485;-1.216;60.422;113.146;74.026;142.668;152.723;-21.272;401.494
11b03Fc;Unique;226;Hap;10.485;-1.216;60.422;113.146;74.026;142.668;152.723;-21.272;401.494
11b03Lc;Unique;227;Bor;1.592;-1.090;32.605;40.257;75.205;93.392;72.653;-26.534;312.747
11b03Lc;Unique;227;Bor;1.592;-1.090;32.605;40.257;75.205;93.392;72.653;-26.534;312.747
11b03Nb;Unique;228;Neu;1.084;-0.685;41.214;46.888;72.923;125.863;108.804;-23.117;367.992
11b03Nb;Unique;228;Neu;1.084;-0.685;41.214;46.888;72.923;125.863;108.804;-23.117;367.992
11b03Td;Unique;229;Sad;1.303;-1.278;33.958;45.032;76.397;83.791;77.848;-28.771;349.826
11b03Td;Unique;229;Sad;1.303;-1.278;33.958;45.032;76.397;83.791;77.848;-28.771;349.826
11b03Wa;Unique;230;Ang;7.584;-0.915;60.228;197.729;68.289;119.229;135.807;-18.303;330.365
11b03Wb;Unique;231;Ang;12.899;-1.036;57.167;153.312;72.210;140.440;136.852;-14.268;310.752
11b09Ad;Unique;232;Fea;6.192;-1.967;47.054;40.738;74.842;124.502;106.367;-24.086;304.351
11b09Ad;Unique;232;Fea;6.192;-1.967;47.054;40.738;74.842;124.502;106.367;-24.086;304.351
11b09Fd;Unique;233;Hap;6.431;-1.580;59.412;153.700;72.282;153.394;128.425;-20.026;244.821
11b09Fd;Unique;233;Hap;6.431;-1.580;59.412;153.700;72.282;153.394;128.425;-20.026;244.821
11b09Ld;Unique;234;Bor;1.387;-1.230;34.687;35.215;78.066;81.457;69.330;-28.596;223.710
11b09Ld;Unique;234;Bor;1.387;-1.230;34.687;35.215;78.066;81.457;69.330;-28.596;223.710
11b09Na;Unique;235;Neu;2.179;-1.269;51.449;48.103;78.745;113.698;106.688;-22.134;305.668
11b09Na;Unique;235;Neu;2.179;-1.269;51.449;48.103;78.745;113.698;106.688;-22.134;305.668
11b09Td;Unique;236;Sad;0.408;-1.405;35.219;40.495;78.842;90.109;89.722;-31.043;339.275
11b09Td;Unique;236;Sad;0.408;-1.405;35.219;40.495;78.842;90.109;89.722;-31.043;339.275
11b09Wa;Unique;237;Ang;11.933;-0.763;57.671;160.165;73.853;122.887;118.804;-14.219;223.129
11b10Ad;Unique;238;Fea;2.758;-1.597;57.024;163.313;77.975;89.760;82.719;-25.301;289.846
11b10Ad;Unique;238;Fea;2.758;-1.597;57.024;163.313;77.975;89.760;82.719;-25.301;289.846
11b10Ae;Unique;239;Fea;3.983;-1.397;45.551;35.776;77.207;98.778;71.816;-25.261;280.243
11b10Ae;Unique;239;Fea;3.983;-1.397;45.551;35.776;77.207;98.778;71.816;-25.261;280.243
11b10Ld;Unique;240;Bor;-0.344;-0.558;28.753;30.423;78.913;80.223;56.255;-29.155;288.040
11b10Ld;Unique;240;Bor;-0.344;-0.558;28.753;30.423;78.913;80.223;56.255;-29.155;288.040
11b10Nc;Unique;241;Neu;1.435;-0.808;33.611;34.243;76.667;105.763;89.170;-26.176;351.310
11b10Nc;Unique;241;Neu;1.435;-0.808;33.611;34.243;76.667;105.763;89.170;-26.176;351.310
11b10Td;Unique;242;Sad;0.201;-0.659;27.241;33.497;79.226;66.157;57.334;-28.152;327.212
11b10Td;Unique;242;Sad;0.201;-0.659;27.241;33.497;79.226;66.157;57.334;-28.152;327.212
11b10Wa;Unique;243;Ang;11.451;-0.759;65.703;316.606;69.570;155.533;141.745;-13.944;262.150
12a01Fb;Unique;244;Hap;6.247;-0.891;44.273;194.842;70.522;154.468;154.666;-16.286;264.297
12a01Fb;Unique;244;Hap;6.247;-0.891;44.273;194.842;70.522;154.468;154.666;-16.286;264.297
12a01Lb;Unique;245;Bor;5.972;-0.039;36.691;60.322;81.277;86.325;84.452;-19.723;194.928
12a01Lb;Unique;245;Bor;5.972;-0.039;36.691;60.322;81.277;86.325;84.452;-19.723;194.928
12a01Nb;Unique;246;Neu;5.564;-0.913;36.197;30.166;76.039;112.407;88.936;-14.420;164.346
12a01Nb;Unique;246;Neu;5.564;-0.913;36.197;30.166;76.039;112.407;88.936;-14.420;164.346
12a01Wc;Unique;247;Ang;10.238;0.515;36.532;324.804;70.259;100.971;105.577;-11.589;164.213
12a02Ac;Unique;248;Fea;10.350;-0.281;71.895;241.552;80.022;112.141;120.583;-17.419;303.697
12a02Ac;Unique;248;Fea;10.350;-0.281;71.895;241.552;80.022;112.141;120.583;-17.419;303.697
12a02Ec;Unique;249;Dis;2.017;0.503;44.058;220.233;73.540;86.734;89.844;-22.654;274.878
12a02Ec;Unique;249;Dis;2.017;0.503;44.058;220.233;73.540;86.734;89.844;-22.654;274.878
12a02Nb;Unique;250;Neu;5.470;-0.190;29.137;23.941;80.299;112.776;100.713;-16.271;145.146
12a02Nb;Unique;250;Neu;5.470;-0.190;29.137;23.941;80.299;112.776;100.713;-16.271;145.146
12a02Wa;Unique;251;Ang;14.299;0.715;61.993;79.711;76.630;221.282;214.065;-11.786;228.316
12a02Wc;Unique;252;Ang;10.142;-0.562;42.469;172.497;76.727;139.097;128.034;-9.095;197.091
12a04Wc;Unique;253;Ang;13.413;-1.159;49.695;113.486;76.001;128.807;161.700;-10.680;317.385
12a05Ab;Unique;254;Fea;8.011;-0.947;67.364;580.584;75.395;141.789;176.355;-19.483;327.298
12a05Ab;Unique;254;Fea;8.011;-0.947;67.364;580.584;75.395;141.789;176.355;-19.483;327.298
12a05Lb;Unique;255;Bor;5.615;-0.467;30.877;84.852;74.649;102.239;80.968;-21.058;196.855
12a05Lb;Unique;255;Bor;5.615;-0.467;30.877;84.852;74.649;102.239;80.968;-21.058;196.855
12a05Nd;Unique;256;Neu;6.677;-0.193;41.847;204.343;74.539;114.832;95.430;-21.398;222.300
12a05Nd;Unique;256;Neu;6.677;-0.193;41.847;204.343;74.539;114.832;95.430;-21.398;222.300
12a05Ta;Unique;257;Sad;1.873;-1.043;42.587;55.781;77.691;88.820;70.242;-25.262;252.402
12a05Ta;Unique;257;Sad;1.873;-1.043;42.587;55.781;77.691;88.820;70.242;-25.262;252.402
12a05Wb;Unique;258;Ang;14.573;-0.328;66.110;278.911;75.032;153.385;176.382;-10.427;322.098
12a07Ac;Unique;259;Fea;6.484;-3.214;46.663;174.364;73.669;160.430;140.909;-21.437;265.590
12a07Ac;Unique;259;Fea;6.484;-3.214;46.663;174.364;73.669;160.430;140.909;-21.437;265.590
12a07La;Unique;260;Bor;7.445;-0.488;36.272;176.543;79.097;104.184;74.249;-19.558;159.796
12a07La;Unique;260;Bor;7.445;-0.488;36.272;176.543;79.097;104.184;74.249;-19.558;159.796
12a07Wa;Unique;261;Ang;9.309;-0.286;36.829;213.091;78.062;108.247;106.818;-15.488;200.837
12b01Ta;Unique;262;Sad;1.373;-0.448;46.772;69.903;79.734;74.088;66.456;-28.423;261.675
12b01Ta;Unique;262;Sad;1.373;-0.448;46.772;69.903;79.734;74.088;66.456;-28.423;261.675
12b01Wa;Unique;263;Ang;9.999;-2.385;56.974;227.437;71.252;168.733;170.642;-14.114;306.501
12b02Ad;Unique;264;Fea;5.616;-1.284;46.220;45.971;76.281;189.472;132.012;-20.211;316.460
12b02Ad;Unique;264;Fea;5.616;-1.284;46.220;45.971;76.281;189.472;132.012;-20.211;316.460
12b02Ea;Unique;265;Dis;8.490;0.142;56.701;212.401;74.305;130.131;100.381;-18.560;272.175
12b02Ea;Unique;265;Dis;8.490;0.142;56.701;212.401;74.305;130.131;100.381;-18.560;272.175
12b02Fb;Unique;266;Hap;6.788;0.145;45.310;180.685;73.475;133.344;135.074;-18.974;295.563
12b02Fb;Unique;266;Hap;6.788;0.145;45.310;180.685;73.475;133.344;135.074;-18.974;295.563
12b02Na;Unique;267;Neu;6.355;0.170;36.299;172.684;73.222;133.427;117.716;-18.604;200.099
12b02Na;Unique;267;Neu;6.355;0.170;36.299;172.684;73.222;133.427;117.716;-18.604;200.099
12b02Wa;Unique;268;Ang;11.725;0.034;47.883;131.656;72.816;131.967;125.828;-12.883;259.383
12b02Wb;Unique;269;Ang;17.338;-0.044;58.616;235.505;74.762;174.348;192.342;-9.539;353.482
12b02Wd;Unique;270;Ang;12.200;0.219;51.186;220.719;71.855;142.294;147.820;-16.646;297.147
12b03La;Unique;271;Bor;6.919;-0.782;30.596;76.099;76.186;109.950;100.618;-18.271;209.184
12b03La;Unique;271;Bor;6.919;-0.782;30.596;76.099;76.186;109.950;100.618;-18.271;209.184
12b03Ta;Unique;272;Sad;2.169;0.116;45.323;50.711;75.591;101.086;86.690;-24.849;286.079
12b03Ta;Unique;272;Sad;2.169;0.116;45.323;50.711;75.591;101.086;86.690;-24.849;286.079
12b09Ac;Unique;273;Fea;4.559;-1.762;41.507;39.129;73.186;153.433;130.357;-22.306;321.496
12b09Ac;Unique;273;Fea;4.559;-1.762;41.507;39.129;73.186;153.433;130.357;-22.306;321.496
12b09Td;Unique;274;Sad;1.039;-0.906;45.578;98.642;78.103;70.464;72.008;-26.079;227.555
12b09Td;Unique;274;Sad;1.039;-0.906;45.578;98.642;78.103;70.464;72.008;-26.079;227.555
12b09Wc;Unique;275;Ang;11.287;-0.238;29.420;49.479;74.944;157.774;172.677;-9.739;244.282
12b10Ac;Unique;276;Fea;8.904;-0.872;55.790;346.729;73.719;147.277;141.091;-17.902;205.622
12b10Ac;Unique;276;Fea;8.904;-0.872;55.790;346.729;73.719;147.277;141.091;-17.902;205.622
12b10Ld;Unique;277;Bor;4.624;-1.234;31.160;75.933;75.953;85.428;71.307;-21.025;179.829
12b10Ld;Unique;277;Bor;4.624;-1.234;31.160;75.933;75.953;85.428;71.307;-21.025;179.829
12b10Wa;Unique;278;Ang;16.837;-0.299;35.640;74.522;72.360;126.989;119.773;-8.817;240.664
13a01Ac;Unique;279;Fea;14.996;-1.123;70.619;457.696;73.515;109.222;104.443;-19.455;323.774
13a01Ac;Unique;279;Fea;14.996;-1.123;70.619;457.696;73.515;109.222;104.443;-19.455;323.774
13a01Ea;Unique;280;Dis;10.463;-0.872;42.831;265.008;79.880;87.404;115.445;-23.855;223.234
13a01Ea;Unique;280;Dis;10.463;-0.872;42.831;265.008;79.880;87.404;115.445;-23.855;223.234
13a01Ec;Unique;281;Dis;13.299;-1.922;75.760;434.600;82.274;68.840;60.278;-18.869;206.498
13a01Ec;Unique;281;Dis;13.299;-1.922;75.760;434.600;82.274;68.840;60.278;-18.869;206.498
13a01Fd;Unique;282;Hap;20.889;-0.300;38.924;25.949;74.910;163.225;166.781;-15.564;307.056
13a01Fd;Unique;282;Hap;20.889;-0.300;38.924;25.949;74.910;163.225;166.781;-15.564;307.056
13a01Lb;Unique;283;Bor;9.290;-0.710;24.035;118.837;81.225;43.203;38.032;-27.031;264.213
13a01Lb;Unique;283;Bor;9.290;-0.710;24.035;118.837;81.225;43.203;38.032;-27.031;264.213
13a01Nb;Unique;284;Neu;12.033;-0.000;28.715;25.317;81.437;48.324;54.432;-27.017;291.233
13a01Nb;Unique;284;Neu;12.033;-0.000;28.715;25.317;81.437;48.324;54.432;-27.017;291.233
13a01Wb;Unique;285;Ang;18.300;-0.127;64.779;100.741;72.625;142.417;132.580;-14.709;297.851
13a02Ad;Unique;286;Fea;10.647;0.029;34.030;208.289;77.816;103.029;94.185;-27.882;277.188
13a02Ad;Unique;286;Fea;10.647;0.029;34.030;208.289;77.816;103.029;94.185;-27.882;277.188
13a02Ec;Unique;287;Dis;13.531;0.457;40.303;94.625;78.102;80.514;74.494;-20.527;207.250
13a02Ec;Unique;287;Dis;13.531;0.457;40.303;94.625;78.102;80.514;74.494;-20.527;207.250
13a02Fa;Unique;288;Hap;18.657;0.034;42.920;180.197;74.349;148.837;148.012;-16.794;200.674
13a02Fa;Unique;288;Hap;18.657;0.034;42.920;180.197;74.349;148.837;148.012;-16.794;200.674
13a02Lc;Unique;289;Bor;8.928;-0.841;34.610;150.564;79.791;93.368;70.275;-28.868;176.413
13a02Lc;Unique;289;Bor;8.928;-0.841;34.610;150.564;79.791;93.368;70.275;-28.868;176.413
13a02Nc;Unique;290;Neu;10.449;-0.733;32.298;164.889;79.022;109.303;102.399;-26.300;209.445
13a02Nc;Unique;290;Neu;10.449;-0.733;32.298;164.889;79.022;109.303;102.399;-26.300;209.445
13a02Ta;Unique;291;Sad;14.550;-0.722;112.701;499.900;74.039;134.636;257.794;-18.389;408.900
13a02Ta;Unique;291;Sad;14.550;-0.722;112.701;499.900;74.039;134.636;257.794;-18.389;408.900
13a02Wa;Unique;292;Ang;16.879;-0.130;59.166;229.086;71.716;172.965;211.365;-10.661;276.293
13a04Ac;Unique;293;Fea;13.404;-1.489;71.508;480.795;77.755;133.279;143.420;-23.465;256.754
13a04Ac;Unique;293;Fea;13.404;-1.489;71.508;480.795;77.755;133.279;143.420;-23.465;256.754
13a04Fc;Unique;294;Hap;18.706;-0.577;58.000;255.675;72.473;164.325;162.524;-16.010;241.979
13a04Fc;Unique;294;Hap;18.706;-0.577;58.000;255.675;72.473;164.325;162.524;-16.010;241.979
13a04Lb;Unique;295;Bor;9.461;-1.053;34.232;212.312;76.524;81.862;74.579;-24.146;233.025
13a04Lb;Unique;295;Bor;9.461;-1.053;34.232;212.312;76.524;81.862;74.579;-24.146;233.025
13a04Ta;Unique;296;Sad;7.417;-0.586;23.651;358.066;80.558;69.520;67.524;-27.065;254.182
13a04Ta;Unique;296;Sad;7.417;-0.586;23.651;358.066;80.558;69.520;67.524;-27.065;254.182
13a04Wc;Unique;297;Ang;16.884;-0.960;59.141;332.368;72.807;162.400;148.457;-10.756;225.987
13a05Aa;Unique;298;Fea;12.572;-0.239;45.034;322.827;80.737;140.367;148.415;-28.813;399.076
13a05Aa;Unique;298;Fea;12.572;-0.239;45.034;322.827;80.737;140.367;148.415;-28.813;399.076
13a05Ea;Unique;299;Dis;12.885;0.132;53.259;299.391;78.152;130.097;114.089;-21.884;240.338
13a05Ea;Unique;299;Dis;12.885;0.132;53.259;299.391;78.152;130.097;114.089;-21.884;240.338
13a05Lc;Unique;300;Bor;9.444;-0.366;23.889;215.564;78.050;75.404;61.993;-28.693;234.487
13a05Lc;Unique;300;Bor;9.444;-0.366;23.889;215.564;78.050;75.404;61.993;-28.693;234.487
13a05Nb;Unique;301;Neu;11.444;-0.521;31.251;192.074;75.237;84.657;89.606;-32.117;326.389
13a05Nb;Unique;301;Neu;11.444;-0.521;31.251;192.074;75.237;84.657;89.606;-32.117;326.389
13a05Tc;Unique;302;Sad;11.327;-0.210;52.230;232.041;75.707;88.478;145.104;-23.152;371.953
13a05Tc;Unique;302;Sad;11.327;-0.210;52.230;232.041;75.707;88.478;145.104;-23.152;371.953
13a05Wa;Unique;303;Ang;16.008;-0.532;47.701;177.172;73.700;151.998;173.341;-17.589;300.701
13a05Wc;Unique;304;Ang;22.427;0.413;58.630;223.778;72.379;202.503;213.710;-10.266;355.211
13a07Fd;Unique;305;Hap;19.957;-1.304;55.333;238.544;75.268;141.630;139.567;-19.427;236.968
13a07Fd;Unique;305;Hap;19.957;-1.304;55.333;238.544;75.268;141.630;139.567;-19.427;236.968
13a07Lb;Unique;306;Bor;9.576;-0.417;32.075;124.653;79.922;84.477;61.819;-29.398;233.406
13a07Lb;Unique;306;Bor;9.576;-0.417;32.075;124.653;79.922;84.477;61.819;-29.398;233.406
13a07Na;Unique;307;Neu;9.680;-1.596;43.431;260.515;79.638;116.460;100.713;-29.899;260.357
13a07Na;Unique;307;Neu;9.680;-1.596;43.431;260.515;79.638;116.460;100.713;-29.899;260.357
13a07Tc;Unique;308;Sad;8.514;-0.329;41.315;175.400;82.281;140.292;112.902;-32.793;302.653
13a07Tc;Unique;308;Sad;8.514;-0.329;41.315;175.400;82.281;140.292;112.902;-32.793;302.653
13a07Wb;Unique;309;Ang;17.901;-1.157;59.747;141.617;71.244;155.663;137.140;-17.896;254.002
13b01Ab;Unique;310;Fea;16.492;-2.232;44.719;239.276;81.958;113.275;122.197;-24.908;273.475
13b01Ab;Unique;310;Fea;16.492;-2.232;44.719;239.276;81.958;113.275;122.197;-24.908;273.475
13b01Ec;Unique;311;Dis;11.803;-0.960;56.491;277.779;82.179;96.234;90.863;-26.363;256.971
13b01Ec;Unique;311;Dis;11.803;-0.960;56.491;277.779;82.179;96.234;90.863;-26.363;256.971
13b01Fc;Unique;312;Hap;19.064;-1.196;58.519;189.314;77.752;156.221;156.309;-24.892;279.313
13b01Fc;Unique;312;Hap;19.064;-1.196;58.519;189.314;77.752;156.221;156.309;-24.892;279.313
13b01Ld;Unique;313;Bor;9.990;-1.787;28.604;337.386;77.929;59.898;71.337;-28.506;257.977
13b01Ld;Unique;313;Bor;9.990;-1.787;28.604;337.386;77.929;59.898;71.337;-28.506;257.977
13b01Nc;Unique;314;Neu;9.446;-2.495;35.079;68.147;81.021;99.614;79.272;-31.138;243.109
13b01Nc;Unique;314;Neu;9.446;-2.495;35.079;68.147;81.021;99.614;79.272;-31.138;243.109
13b01Wa;Unique;315;Ang;18.219;-1.663;49.812;211.021;78.177;148.529;164.892;-16.815;295.922
13b02Fb;Unique;316;Hap;14.037;0.011;52.662;198.361;75.168;131.073;101.672;-22.342;297.885
13b02Fb;Unique;316;Hap;14.037;0.011;52.662;198.361;75.168;131.073;101.672;-22.342;297.885
13b02Lc;Unique;317;Bor;8.275;-0.572;25.127;141.105;77.438;87.637;72.687;-27.799;260.369
13b02Lc;Unique;317;Bor;8.275;-0.572;25.127;141.105;77.438;87.637;72.687;-27.799;260.369
13b02Nb;Unique;318;Neu;8.936;-0.148;48.022;335.607;78.712;143.487;114.031;-26.845;312.146
13b02Nb;Unique;318;Neu;8.936;-0.148;48.022;335.607;78.712;143.487;114.031;-26.845;312.146
13b02Wa;Unique;319;Ang;18.440;-0.435;54.931;76.701;76.868;147.161;175.626;-12.585;277.704
13b03Ac;Unique;320;Fea;13.921;-0.624;49.921;343.525;78.621;137.304;117.699;-25.213;301.816
13b03Ac;Unique;320;Fea;13.921;-0.624;49.921;343.525;78.621;137.304;117.699;-25.213;301.816
13b03Ed;Unique;321;Dis;9.368;-0.491;35.228;357.343;77.440;81.384;79.575;-26.780;295.157
13b03Ed;Unique;321;Dis;9.368;-0.491;35.228;357.343;77.440;81.384;79.575;-26.780;295.157
13b03Fd;Unique;322;Hap;18.939;-0.425;58.983;374.646;73.400;154.856;161.722;-18.304;321.020
13b03Fd;Unique;322;Hap;18.939;-0.425;58.983;374.646;73.400;154.856;161.722;-18.304;321.020
13b03Lb;Unique;323;Bor;8.117;-0.973;28.728;127.984;78.015;69.342;63.834;-27.594;264.946
13b03Lb;Unique;323;Bor;8.117;-0.973;28.728;127.984;78.015;69.342;63.834;-27.594;264.946
13b03Na;Unique;324;Neu;10.411;-0.454;35.190;269.334;80.565;118.380;106.431;-29.013;325.269
13b03Na;Unique;324;Neu;10.411;-0.454;35.190;269.334;80.565;118.380;106.431;-29.013;325.269
13b03Td;Unique;325;Sad;7.929;-1.059;36.625;224.160;79.692;82.532;87.153;-28.282;330.984
13b03Td;Unique;325;Sad;7.929;-1.059;36.625;224.160;79.692;82.532;87.153;-28.282;330.984
13b03Wc;Unique;326;Ang;19.631;-0.662;69.247;232.873;72.449;157.793;160.904;-14.312;324.404
13b09Ab;Unique;327;Fea;14.164;-0.667;31.269;23.598;81.124;117.862;95.226;-25.596;284.005
13b09Ab;Unique;327;Fea;14.164;-0.667;31.269;23.598;81.124;117.862;95.226;-25.596;284.005
13b09Ec;Unique;328;Dis;10.150;-1.085;52.659;279.588;81.104;104.882;100.238;-25.609;260.793
13b09Ec;Unique;328;Dis;10.150;-1.085;52.659;279.588;81.104;104.882;100.238;-25.609;260.793
13b09Fb;Unique;329;Hap;17.945;-0.386;62.523;140.840;74.428;154.958;121.873;-21.213;309.536
13b09Fb;Unique;329;Hap;17.945;-0.386;62.523;140.840;74.428;154.958;121.873;-21.213;309.536
13b09Fc;Unique;330;Hap;15.032;-0.720;49.466;173.236;78.651;109.239;102.116;-23.618;240.159
13b09Fc;Unique;330;Hap;15.032;-0.720;49.466;173.236;78.651;109.239;102.116;-23.618;240.159
13b09La;Unique;331;Bor;8.424;-0.866;22.459;84.947;78.328;78.035;71.149;-27.781;209.963
13b09La;Unique;331;Bor;8.424;-0.866;22.459;84.947;78.328;78.035;71.149;-27.781;209.963
13b09Na;Unique;332;Neu;11.146;-0.333;42.950;222.667;78.772;112.741;106.970;-27.756;280.853
13b09Na;Unique;332;Neu;11.146;-0.333;42.950;222.667;78.772;112.741;106.970;-27.756;280.853
13b09Wa;Unique;333;Ang;20.476;-0.098;49.459;61.819;73.371;192.137;202.963;-13.116;319.805
13b10Ec;Unique;334;Dis;12.083;0.061;46.308;191.896;75.206;100.978;84.337;-22.739;237.944
13b10Ec;Unique;334;Dis;12.083;0.061;46.308;191.896;75.206;100.978;84.337;-22.739;237.944
13b10Fa;Unique;335;Hap;16.968;-0.925;55.222;327.579;74.235;137.286;122.114;-21.757;271.125
13b10Fa;Unique;335;Hap;16.968;-0.925;55.222;327.579;74.235;137.286;122.114;-21.757;271.125
13b10La;Unique;336;Bor;9.467;-0.650;23.349;112.333;78.796;87.520;65.828;-28.701;209.569
13b10La;Unique;336;Bor;9.467;-0.650;23.349;112.333;78.796;87.520;65.828;-28.701;209.569
13b10Nc;Unique;337;Neu;9.653;-0.713;37.354;255.984;78.477;109.357;85.905;-28.977;239.005
13b10Nc;Unique;337;Neu;9.653;-0.713;37.354;255.984;78.477;109.357;85.905;-28.977;239.005
13b10Wa;Unique;338;Ang;18.224;-0.612;65.064;122.869;75.999;163.492;161.142;-14.706;263.076
13b10Wc;Unique;339;Ang;20.565;-0.434;66.409;363.192;71.119;155.639;156.660;-13.015;248.666
14a01Aa;Unique;340;Fea;13.802;1.171;34.780;82.373;78.452;100.251;106.412;-22.597;287.176
14a01Aa;Unique;340;Fea;13.802;1.171;34.780;82.373;78.452;100.251;106.412;-22.597;287.176
14a01Ac;Unique;341;Fea;17.753;-0.296;40.004;32.328;78.169;132.230;142.900;-16.036;248.594
14a01Ac;Unique;341;Fea;17.753;-0.296;40.004;32.328;78.169;132.230;142.900;-16.036;248.594
14a01Ea;Unique;342;Dis;11.532;-0.829;42.249;136.291;76.139;84.311;72.151;-19.255;197.388
14a01Ea;Unique;342;Dis;11.532;-0.829;42.249;136.291;76.139;84.311;72.151;-19.255;197.388
14a01Na;Unique;343;Neu;6.510;-0.944;35.240;317.751;78.086;116.843;133.594;-28.743;360.464
14a01Na;Unique;343;Neu;6.510;-0.944;35.240;317.751;78.086;116.843;133.594;-28.743;360.464
14a01Wa;Unique;344;Ang;16.814;-0.912;37.223;45.717;75.674;129.376;149.232;-9.604;192.831
14a01Wc;Unique;345;Ang;15.224;0.762;64.415;421.748;74.075;134.083;166.230;-15.172;257.520
14a02Ab;Unique;346;Fea;14.110;-0.398;71.586;325.913;75.575;151.621;137.035;-21.352;292.714
14a02Ab;Unique;346;Fea;14.110;-0.398;71.586;325.913;75.575;151.621;137.035;-21.352;292.714
14a02Ea;Unique;347;Dis;12.474;-0.805;47.244;123.255;74.129;93.914;89.792;-19.794;195.108
14a02Ea;Unique;347;Dis;12.474;-0.805;47.244;123.255;74.129;93.914;89.792;-19.794;195.108
14a02Fd;Unique;348;Hap;17.019;-0.592;56.912;98.098;76.661;129.729;132.996;-16.926;239.334
14a02Fd;Unique;348;Hap;17.019;-0.592;56.912;98.098;76.661;129.729;132.996;-16.926;239.334
14a02La;Unique;349;Bor;8.038;-1.075;31.152;209.201;78.027;123.464;102.193;-28.608;266.471
14a02La;Unique;349;Bor;8.038;-1.075;31.152;209.201;78.027;123.464;102.193;-28.608;266.471
14a02Nc;Unique;350;Neu;10.231;-0.631;35.071;120.753;78.894;132.998;127.220;-26.843;288.116
14a02Nc;Unique;350;Neu;10.231;-0.631;35.071;120.753;78.894;132.998;127.220;-26.843;288.116
14a02Tb;Unique;351;Sad;3.830;-0.078;45.340;215.861;81.040;61.268;64.089;-28.093;266.670
14a02Tb;Unique;351;Sad;3.830;-0.078;45.340;215.861;81.040;61.268;64.089;-28.093;266.670
14a02Wa;Unique;352;Ang;16.871;-1.605;60.077;125.163;72.044;130.411;131.056;-13.182;183.377
14a02Wc;Unique;353;Ang;16.278;-1.008;62.348;250.091;71.708;139.338;145.847;-11.467;232.375
14a04Aa;Unique;354;Fea;12.772;-1.124;74.482;402.409;74.487;159.253;179.887;-19.871;308.733
14a04Aa;Unique;354;Fea;12.772;-1.124;74.482;402.409;74.487;159.253;179.887;-19.871;308.733
14a04Ed;Unique;355;Dis;13.272;0.185;61.170;338.139;73.520;99.656;107.288;-18.105;234.329
14a04Ed;Unique;355;Dis;13.272;0.185;61.170;338.139;73.520;99.656;107.288;-18.105;234.329
14a04Lb;Unique;356;Bor;8.395;-1.548;42.019;153.354;73.523;102.775;108.639;-25.514;257.998
14a04Lb;Unique;356;Bor;8.395;-1.548;42.019;153.354;73.523;102.775;108.639;-25.514;257.998
14a04Tb;Unique;357;Sad;5.496;-0.154;39.358;833.636;75.367;147.788;157.904;-29.848;265.635
14a04Tb;Unique;357;Sad;5.496;-0.154;39.358;833.636;75.367;147.788;157.904;-29.848;265.635
14a04Tc;Unique;358;Sad;4.108;-0.594;31.304;801.888;73.317;101.477;136.136;-29.095;224.877
14a04Tc;Unique;358;Sad;4.108;-0.594;31.304;801.888;73.317;101.477;136.136;-29.095;224.877
14a04Wb;Unique;359;Ang;17.405;-0.302;73.775;259.551;74.330;145.207;140.200;-13.154;272.484
14a04Wc;Unique;360;Ang;21.683;-0.016;51.500;89.223;72.012;175.918;179.141;-10.473;262.841
14a05Aa;Unique;361;Fea;14.677;-0.870;53.734;380.602;77.866;148.860;143.742;-25.550;409.612
14a05Aa;Unique;361;Fea;14.677;-0.870;53.734;380.602;77.866;148.860;143.742;-25.550;409.612
14a05Ac;Unique;362;Fea;19.551;-0.338;57.133;271.752;75.459;125.942;138.114;-18.694;306.693
14a05Ac;Unique;362;Fea;19.551;-0.338;57.133;271.752;75.459;125.942;138.114;-18.694;306.693
14a05Fa;Unique;363;Hap;18.428;0.023;71.260;163.933;73.979;179.897;176.139;-16.579;357.251
14a05Fa;Unique;363;Hap;18.428;0.023;71.260;163.933;73.979;179.897;176.139;-16.579;357.251
14a05Fb;Unique;364;Hap;16.368;-0.111;60.136;229.617;71.842;158.093;157.045;-17.180;383.026
14a05Fb;Unique;364;Hap;16.368;-0.111;60.136;229.617;71.842;158.093;157.045;-17.180;383.026
14a05Lb;Unique;365;Bor;6.946;-1.226;25.755;101.321;73.092;90.938;88.214;-27.876;256.218
14a05Lb;Unique;365;Bor;6.946;-1.226;25.755;101.321;73.092;90.938;88.214;-27.876;256.218
14a05Na;Unique;366;Neu;8.063;-0.848;42.361;372.810;78.000;122.134;136.059;-28.067;434.994
14a05Na;Unique;366;Neu;8.063;-0.848;42.361;372.810;78.000;122.134;136.059;-28.067;434.994
14a05Ta;Unique;367;Sad;3.078;-0.367;49.876;366.438;77.943;51.058;77.201;-26.153;265.893
14a05Ta;Unique;367;Sad;3.078;-0.367;49.876;366.438;77.943;51.058;77.201;-26.153;265.893
14a05Tc;Unique;368;Sad;3.896;-0.815;31.048;199.319;76.485;82.616;70.838;-27.706;295.521
14a05Tc;Unique;368;Sad;3.896;-0.815;31.048;199.319;76.485;82.616;70.838;-27.706;295.521
14a05Wa;Unique;369;Ang;17.838;-0.744;61.810;158.695;75.125;163.115;168.919;-13.747;261.265
14a05Wb;Unique;370;Ang;18.736;-0.240;59.405;335.129;74.459;188.296;194.364;-10.774;361.230
14a07Aa;Unique;371;Fea;14.255;-1.008;64.455;377.915;78.082;118.676;115.029;-27.041;279.575
14a07Aa;Unique;371;Fea;14.255;-1.008;64.455;377.915;78.082;118.676;115.029;-27.041;279.575
14a07Eb;Unique;372;Dis;11.613;-0.440;38.387;159.846;77.265;95.373;86.408;-24.738;206.434
14a07Eb;Unique;372;Dis;11.613;-0.440;38.387;159.846;77.265;95.373;86.408;-24.738;206.434
14a07Fd;Unique;373;Hap;16.653;-0.949;65.230;145.955;72.920;168.483;171.881;-19.491;285.762
14a07Fd;Unique;373;Hap;16.653;-0.949;65.230;145.955;72.920;168.483;171.881;-19.491;285.762
14a07Lc;Unique;374;Bor;11.724;-1.402;45.056;171.046;80.911;121.880;85.120;-29.537;227.293
14a07Lc;Unique;374;Bor;11.724;-1.402;45.056;171.046;80.911;121.880;85.120;-29.537;227.293
14a07Ld;Unique;375;Bor;9.602;-0.627;39.078;196.584;79.974;103.503;72.971;-30.180;232.427
14a07Ld;Unique;375;Bor;9.602;-0.627;39.078;196.584;79.974;103.503;72.971;-30.180;232.427
14a07Na;Unique;376;Neu;7.398;-1.129;30.959;162.500;79.106;121.881;97.716;-29.815;322.530
14a07Na;Unique;376;Neu;7.398;-1.129;30.959;162.500;79.106;121.881;97.716;-29.815;322.530
14a07Tc;Unique;377;Sad;7.148;0.271;38.831;292.986;77.503;103.611;83.336;-28.615;247.952
14a07Tc;Unique;377;Sad;7.148;0.271;38.831;292.986;77.503;103.611;83.336;-28.615;247.952
14a07Wc;Unique;378;Ang;17.900;-1.122;69.370;200.196;71.981;178.790;152.900;-16.612;248.332
14b01Ac;Unique;379;Fea;19.919;-0.584;43.578;225.229;75.186;142.626;136.271;-19.707;280.706
14b01Ac;Unique;379;Fea;19.919;-0.584;43.578;225.229;75.186;142.626;136.271;-19.707;280.706
14b01Eb;Unique;380;Dis;11.166;-0.747;45.668;287.123;76.760;113.640;106.038;-22.290;343.884
14b01Eb;Unique;380;Dis;11.166;-0.747;45.668;287.123;76.760;113.640;106.038;-22.290;343.884
14b01Fa;Unique;381;Hap;15.414;-1.062;51.952;146.690;72.095;143.721;157.806;-18.278;365.818
14b01Fa;Unique;381;Hap;15.414;-1.062;51.952;146.690;72.095;143.721;157.806;-18.278;365.818
14b01Fc;Unique;382;Hap;19.714;-1.625;77.546;347.968;72.258;200.181;239.988;-16.520;325.285
14b01Fc;Unique;382;Hap;19.714;-1.625;77.546;347.968;72.258;200.181;239.988;-16.520;325.285
14b01Na;Unique;383;Neu;9.303;-1.345;42.816;177.906;80.382;124.865;139.984;-29.803;351.443
14b01Na;Unique;383;Neu;9.303;-1.345;42.816;177.906;80.382;124.865;139.984;-29.803;351.443
14b01Wc;Unique;384;Ang;16.130;-0.147;81.093;389.454;75.201;154.658;164.139;-16.642;333.910
14b02Aa;Unique;385;Fea;16.442;-0.342;88.304;303.247;73.214;151.837;155.340;-19.885;314.386
14b02Aa;Unique;385;Fea;16.442;-0.342;88.304;303.247;73.214;151.837;155.340;-19.885;314.386
14b02Fb;Unique;386;Hap;18.889;0.447;58.527;274.932;73.627;183.097;218.327;-16.012;367.863
14b02Fb;Unique;386;Hap;18.889;0.447;58.527;274.932;73.627;183.097;218.327;-16.012;367.863
14b02Na;Unique;387;Neu;8.650;-0.873;31.684;70.946;77.791;112.258;102.866;-27.373;269.547
14b02Na;Unique;387;Neu;8.650;-0.873;31.684;70.946;77.791;112.258;102.866;-27.373;269.547
14b02Tc;Unique;388;Sad;4.151;-0.490;40.892;338.351;78.725;85.179;70.828;-23.123;256.404
14b02Tc;Unique;388;Sad;4.151;-0.490;40.892;338.351;78.725;85.179;70.828;-23.123;256.404
14b02Wb;Unique;389;Ang;16.123;-0.128;65.005;407.002;73.544;182.696;168.924;-16.891;354.642
14b02Wd;Unique;390;Ang;12.459;-0.630;46.188;226.685;73.929;168.496;180.140;-15.945;329.526
14b03Ad;Unique;391;Fea;15.577;-0.867;43.388;180.582;75.678;119.517;140.334;-21.114;294.899
14b03Ad;Unique;391;Fea;15.577;-0.867;43.388;180.582;75.678;119.517;140.334;-21.114;294.899
14b03Ed;Unique;392;Dis;14.001;-0.301;41.457;187.370;76.317;104.515;100.525;-20.342;281.511
14b03Ed;Unique;392;Dis;14.001;-0.301;41.457;187.370;76.317;104.515;100.525;-20.342;281.511
14b03Lb;Unique;393;Bor;9.887;-1.022;31.272;125.341;73.909;95.697;91.320;-25.619;261.974
14b03Lb;Unique;393;Bor;9.887;-1.022;31.272;125.341;73.909;95.697;91.320;-25.619;261.974
14b03Ta;Unique;394;Sad;4.982;-1.165;30.158;346.896;78.648;49.828;62.371;-25.579;289.102
14b03Ta;Unique;394;Sad;4.982;-1.165;30.158;346.896;78.648;49.828;62.371;-25.579;289.102
14b03Wb;Unique;395;Ang;17.824;-0.120;62.362;200.714;71.212;177.309;171.517;-16.138;381.226
14b09Ac;Unique;396;Fea;15.053;-0.132;63.116;354.525;78.857;147.903;140.892;-24.023;272.649
14b09Ac;Unique;396;Fea;15.053;-0.132;63.116;354.525;78.857;147.903;140.892;-24.023;272.649
14b09Ea;Unique;397;Dis;12.791;0.041;54.400;289.330;76.011;105.590;102.800;-22.491;259.608
14b09Ea;Unique;397;Dis;12.791;0.041;54.400;289.330;76.011;105.590;102.800;-22.491;259.608
14b09Fc;Unique;398;Hap;14.422;-0.300;48.112;154.019;68.846;186.748;193.754;-14.655;268.398
14b09Fc;Unique;398;Hap;14.422;-0.300;48.112;154.019;68.846;186.748;193.754;-14.655;268.398
14b09Lb;Unique;399;Bor;10.213;-1.373;37.903;226.048;76.099;114.468;93.094;-23.839;199.547
14b09Lb;Unique;399;Bor;10.213;-1.373;37.903;226.048;76.099;114.468;93.094;-23.839;199.547
14b09Td;Unique;400;Sad;8.070;-0.670;34.612;517.426;76.490;88.524;122.401;-25.163;225.573
14b09Td;Unique;400;Sad;8.070;-0.670;34.612;517.426;76.490;88.524;122.401;-25.163;225.573
14b09Wa;Unique;401;Ang;16.074;-0.040;55.370;198.383;71.573;144.350;150.009;-12.805;253.601
14b09Wc;Unique;402;Ang;19.446;-0.242;49.059;161.862;73.929;148.661;142.854;-11.785;225.858
14b10Ad;Unique;403;Fea;13.736;-0.630;45.116;182.962;77.420;115.049;111.473;-24.028;314.727
14b10Ad;Unique;403;Fea;13.736;-0.630;45.116;182.962;77.420;115.049;111.473;-24.028;314.727
14b10Eb;Unique;404;Dis;11.051;-1.058;38.867;84.596;78.128;97.205;83.717;-21.946;232.551
14b10Eb;Unique;404;Dis;11.051;-1.058;38.867;84.596;78.128;97.205;83.717;-21.946;232.551
14b10Lb;Unique;405;Bor;10.162;-1.408;31.011;162.160;72.931;119.435;101.297;-23.981;261.287
14b10Lb;Unique;405;Bor;10.162;-1.408;31.011;162.160;72.931;119.435;101.297;-23.981;261.287
14b10Nb;Unique;406;Neu;7.707;-0.872;32.468;341.000;77.241;117.076;104.300;-28.225;288.369
14b10Nb;Unique;406;Neu;7.707;-0.872;32.468;341.000;77.241;117.076;104.300;-28.225;288.369
14b10Tc;Unique;407;Sad;5.602;-0.784;37.979;117.011;77.998;77.918;52.888;-26.923;225.937
14b10Tc;Unique;407;Sad;5.602;-0.784;37.979;117.011;77.998;77.918;52.888;-26.923;225.937
14b10Wc;Unique;408;Ang;15.636;-0.740;54.851;225.018;69.886;154.279;147.828;-16.635;297.455
15a01Ea;Unique;409;Dis;4.229;-1.684;46.878;87.796;75.545;120.789;82.604;-17.556;195.465
15a01Ea;Unique;409;Dis;4.229;-1.684;46.878;87.796;75.545;120.789;82.604;-17.556;195.465
15a01Fb;Unique;410;Hap;10.584;-1.708;77.454;314.652;70.718;148.206;154.348;-15.320;261.513
15a01Fb;Unique;410;Hap;10.584;-1.708;77.454;314.652;70.718;148.206;154.348;-15.320;261.513
15a01La;Unique;411;Bor;1.180;-2.532;25.238;27.309;81.004;63.309;70.816;-20.742;233.406
15a01La;Unique;411;Bor;1.180;-2.532;25.238;27.309;81.004;63.309;70.816;-20.742;233.406
15a01Nb;Unique;412;Neu;1.180;-0.636;39.892;47.515;78.534;79.483;94.136;-18.616;208.512
15a01Nb;Unique;412;Neu;1.180;-0.636;39.892;47.515;78.534;79.483;94.136;-18.616;208.512
15a01Wa;Unique;413;Ang;15.382;-1.576;43.348;31.063;72.596;132.895;129.146;-8.132;221.659
15a02Ac;Unique;414;Fea;9.346;-1.981;44.192;60.079;75.783;115.083;86.014;-20.499;212.633
15a02Ac;Unique;414;Fea;9.346;-1.981;44.192;60.079;75.783;115.083;86.014;-20.499;212.633
15a02Ea;Unique;415;Dis;2.723;-0.226;50.166;237.039;76.960;84.695;92.605;-20.860;206.816
15a02Ea;Unique;415;Dis;2.723;-0.226;50.166;237.039;76.960;84.695;92.605;-20.860;206.816
15a02La;Unique;416;Bor;-1.883;-1.526;22.988;23.636;79.871;45.120;36.041;-23.460;148.668
15a02La;Unique;416;Bor;-1.883;-1.526;22.988;23.636;79.871;45.120;36.041;-23.460;148.668
15a02Na;Unique;417;Neu;-1.382;-0.111;16.867;19.954;73.927;74.005;54.698;-20.212;150.064
15a02Na;Unique;417;Neu;-1.382;-0.111;16.867;19.954;73.927;74.005;54.698;-20.212;150.064
15a02Ta;Unique;418;Sad;0.183;-1.043;39.630;47.136;81.667;76.512;53.515;-27.497;180.565
15a02Ta;Unique;418;Sad;0.183;-1.043;39.630;47.136;81.667;76.512;53.515;-27.497;180.565
15a02Wb;Unique;419;Ang;17.018;-1.499;63.260;192.182;71.231;148.969;168.304;-9.812;227.146
15a02Wd;Unique;420;Ang;11.270;-1.439;46.390;155.432;70.100;123.096;103.264;-12.621;194.628
15a04Ab;Unique;421;Fea;6.941;-2.288;47.939;121.247;76.080;129.957;117.373;-19.569;287.696
15a04Ab;Unique;421;Fea;6.941;-2.288;47.939;121.247;76.080;129.957;117.373;-19.569;287.696
15a04Ac;Unique;422;Fea;10.952;-1.885;54.022;112.352;77.703;120.305;116.886;-17.987;301.185
15a04Ac;Unique;422;Fea;10.952;-1.885;54.022;112.352;77.703;120.305;116.886;-17.987;301.185
15a04Fd;Unique;423;Hap;11.665;-2.088;48.006;101.703;73.324;127.530;122.036;-15.517;205.347
15a04Fd;Unique;423;Hap;11.665;-2.088;48.006;101.703;73.324;127.530;122.036;-15.517;205.347
15a04Nc;Unique;424;Neu;0.770;-0.113;39.394;38.951;76.165;77.053;90.750;-16.428;135.602
15a04Nc;Unique;424;Neu;0.770;-0.113;39.394;38.951;76.165;77.053;90.750;-16.428;135.602
15a04Wa;Unique;425;Ang;14.184;-1.938;45.715;100.371;73.457;104.325;119.707;-6.676;190.267
15a04Wb;Unique;426;Ang;15.040;-1.821;56.477;128.113;73.894;123.050;115.773;-7.047;214.829
15a05Eb;Unique;427;Dis;5.801;-0.620;45.385;104.401;76.151;117.200;108.703;-21.643;219.249
15a05Eb;Unique;427;Dis;5.801;-0.620;45.385;104.401;76.151;117.200;108.703;-21.643;219.249
15a05Fb;Unique;428;Hap;14.867;0.741;70.763;322.877;73.831;140.815;144.417;-20.342;360.232
15a05Fb;Unique;428;Hap;14.867;0.741;70.763;322.877;73.831;140.815;144.417;-20.342;360.232
15a05Lb;Unique;429;Bor;-1.297;-0.840;26.292;34.100;73.439;56.053;59.751;-26.212;259.781
15a05Lb;Unique;429;Bor;-1.297;-0.840;26.292;34.100;73.439;56.053;59.751;-26.212;259.781
15a05Na;Unique;430;Neu;2.210;-0.021;42.566;50.261;73.426;94.152;100.520;-24.341;317.410
15a05Na;Unique;430;Neu;2.210;-0.021;42.566;50.261;73.426;94.152;100.520;-24.341;317.410
15a05Wa;Unique;431;Ang;15.723;-0.578;57.657;236.859;73.258;180.033;205.389;-10.840;366.948
15a07Ac;Unique;432;Fea;9.967;-0.635;60.196;132.056;75.757;152.366;137.505;-21.415;277.008
15a07Ac;Unique;432;Fea;9.967;-0.635;60.196;132.056;75.757;152.366;137.505;-21.415;277.008
15a07Eb;Unique;433;Dis;4.113;-0.017;46.716;144.593;76.694;90.643;72.742;-21.733;255.246
15a07Eb;Unique;433;Dis;4.113;-0.017;46.716;144.593;76.694;90.643;72.742;-21.733;255.246
15a07Fa;Unique;434;Hap;14.521;-0.794;55.244;269.010;74.401;170.224;178.832;-14.241;263.118
15a07Fa;Unique;434;Hap;14.521;-0.794;55.244;269.010;74.401;170.224;178.832;-14.241;263.118
15a07Fb;Unique;435;Hap;12.630;-0.296;59.821;46.683;71.600;124.748;136.952;-18.335;227.605
15a07Fb;Unique;435;Hap;12.630;-0.296;59.821;46.683;71.600;124.748;136.952;-18.335;227.605
15a07Ld;Unique;436;Bor;4.708;-1.516;38.041;187.754;80.573;110.888;89.381;-25.002;210.795
15a07Ld;Unique;436;Bor;4.708;-1.516;38.041;187.754;80.573;110.888;89.381;-25.002;210.795
15a07Nc;Unique;437;Neu;0.616;-1.494;40.670;44.899;80.163;127.121;119.322;-22.120;206.280
15a07Nc;Unique;437;Neu;0.616;-1.494;40.670;44.899;80.163;127.121;119.322;-22.120;206.280
15b01Ec;Unique;438;Dis;6.377;0.087;46.446;162.799;79.345;125.202;139.685;-19.713;316.688
15b01Ec;Unique;438;Dis;6.377;0.087;46.446;162.799;79.345;125.202;139.685;-19.713;316.688
15b01Lb;Unique;439;Bor;-1.156;-1.375;34.101;38.533;81.171;63.591;66.664;-24.786;353.335
15b01Lb;Unique;439;Bor;-1.156;-1.375;34.101;38.533;81.171;63.591;66.664;-24.786;353.335
15b01Na;Unique;440;Neu;1.951;-2.027;37.002;49.394;75.865;116.689;145.013;-20.552;343.619
15b01Na;Unique;440;Neu;1.951;-2.027;37.002;49.394;75.865;116.689;145.013;-20.552;343.619
15b01Wc;Unique;441;Ang;9.165;-1.488;40.574;128.993;77.388;132.469;140.952;-15.921;290.225
15b02Aa;Unique;442;Fea;9.586;-0.553;57.829;237.939;76.280;137.652;140.821;-16.625;277.483
15b02Aa;Unique;442;Fea;9.586;-0.553;57.829;237.939;76.280;137.652;140.821;-16.625;277.483
15b02Lb;Unique;443;Bor;-0.411;-1.273;29.422;32.336;79.396;46.346;50.494;-25.870;286.136
15b02Lb;Unique;443;Bor;-0.411;-1.273;29.422;32.336;79.396;46.346;50.494;-25.870;286.136
15b02Nd;Unique;444;Neu;0.205;-0.377;45.421;51.956;74.472;102.812;101.858;-21.125;251.904
15b02Nd;Unique;444;Neu;0.205;-0.377;45.421;51.956;74.472;102.812;101.858;-21.125;251.904
15b02Tc;Unique;445;Sad;0.694;-0.106;37.606;43.060;82.025;78.456;63.830;-27.269;259.031
15b02Tc;Unique;445;Sad;0.694;-0.106;37.606;43.060;82.025;78.456;63.830;-27.269;259.031
15b02Wa;Unique;446;Ang;11.434;0.462;48.990;184.192;74.202;130.028;125.770;-13.564;294.196
15b02Wc;Unique;447;Ang;12.913;0.292;42.355;193.593;73.021;124.755;129.523;-12.388;237.087
15b03Aa;Unique;448;Fea;4.043;-1.219;48.788;56.237;80.376;86.118;105.720;-25.697;327.332
15b03Aa;Unique;448;Fea;4.043;-1.219;48.788;56.237;80.376;86.118;105.720;-25.697;327.332
15b03Lc;Unique;449;Bor;0.451;-0.850;37.587;72.058;78.915;78.350;72.501;-22.191;209.431
15b03Lc;Unique;449;Bor;0.451;-0.850;37.587;72.058;78.915;78.350;72.501;-22.191;209.431
15b03Nb;Unique;450;Neu;1.033;-1.163;43.860;52.007;77.178;94.861;94.278;-21.855;310.065
15b03Nb;Unique;450;Neu;1.033;-1.163;43.860;52.007;77.178;94.861;94.278;-21.855;310.065
15b03Tc;Unique;451;Sad;0.764;-0.833;43.196;51.026;80.378;79.016;74.914;-32.055;298.993
15b03Tc;Unique;451;Sad;0.764;-0.833;43.196;51.026;80.378;79.016;74.914;-32.055;298.993
15b03Wa;Unique;452;Ang;12.334;-0.596;47.992;220.680;71.791;145.516;151.934;-12.610;285.071
15b03Wb;Unique;453;Ang;10.879;-1.306;46.169;333.311;73.516;166.696;186.192;-12.704;299.163
15b09Ac;Unique;454;Fea;7.151;-0.432;53.041;244.595;76.648;133.025;140.305;-18.993;226.460
15b09Ac;Unique;454;Fea;7.151;-0.432;53.041;244.595;76.648;133.025;140.305;-18.993;226.460
15b09Fa;Unique;455;Hap;9.586;-0.977;46.940;220.193;69.803;137.094;149.081;-14.584;196.071
15b09Fa;Unique;455;Hap;9.586;-0.977;46.940;220.193;69.803;137.094;149.081;-14.584;196.071
15b09La;Unique;456;Bor;0.113;-1.572;26.202;58.167;75.477;62.329;57.293;-24.336;184.930
15b09La;Unique;456;Bor;0.113;-1.572;26.202;58.167;75.477;62.329;57.293;-24.336;184.930
15b09Nb;Unique;457;Neu;-0.923;-0.917;30.475;37.173;75.806;81.002;98.368;-17.840;161.728
15b09Nb;Unique;457;Neu;-0.923;-0.917;30.475;37.173;75.806;81.002;98.368;-17.840;161.728
15b09Ta;Unique;458;Sad;1.083;-0.786;39.608;46.067;79.232;77.726;56.137;-27.806;201.786
15b09Ta;Unique;458;Sad;1.083;-0.786;39.608;46.067;79.232;77.726;56.137;-27.806;201.786
15b09Wb;Unique;459;Ang;10.766;-2.232;39.982;81.745;68.937;146.283;129.540;-13.845;230.544
15b10Ac;Unique;460;Fea;9.510;-1.615;55.309;234.947;73.489;148.707;151.794;-17.715;208.889
15b10Ac;Unique;460;Fea;9.510;-1.615;55.309;234.947;73.489;148.707;151.794;-17.715;208.889
15b10Lc;Unique;461;Bor;-0.289;-1.411;29.126;68.066;79.085;78.496;75.012;-23.445;212.380
15b10Lc;Unique;461;Bor;-0.289;-1.411;29.126;68.066;79.085;78.496;75.012;-23.445;212.380
15b10Nb;Unique;462;Neu;-0.564;-0.849;28.640;31.267;78.503;76.352;64.666;-22.384;192.080
15b10Nb;Unique;462;Neu;-0.564;-0.849;28.640;31.267;78.503;76.352;64.666;-22.384;192.080
15b10Nc;Unique;463;Neu;-0.138;-1.023;32.331;33.373;76.677;88.304;69.554;-22.487;189.583
15b10Nc;Unique;463;Neu;-0.138;-1.023;32.331;33.373;76.677;88.304;69.554;-22.487;189.583
15b10Wa;Unique;464;Ang;13.462;-1.263;44.494;99.956;72.029;133.112;118.879;-11.218;232.303
16a01Ec;Unique;465;Dis;14.377;0.196;52.040;193.610;76.508;107.888;107.833;-16.713;223.022
16a01Ec;Unique;465;Dis;14.377;0.196;52.040;193.610;76.508;107.888;107.833;-16.713;223.022
16a01Fc;Unique;466;Hap;20.102;0.053;44.350;247.545;73.576;123.242;144.043;-9.570;204.292
16a01Fc;Unique;466;Hap;20.102;0.053;44.350;247.545;73.576;123.242;144.043;-9.570;204.292
16a01Lb;Unique;467;Bor;11.896;-0.480;27.007;81.210;71.863;105.121;86.578;-14.357;161.621
16a01Lb;Unique;467;Bor;11.896;-0.480;27.007;81.210;71.863;105.121;86.578;-14.357;161.621
16a01Nc;Unique;468;Neu;9.907;-0.838;26.820;153.829;78.267;71.504;86.780;-18.585;182.050
16a01Nc;Unique;468;Neu;9.907;-0.838;26.820;153.829;78.267;71.504;86.780;-18.585;182.050
16a01Tb;Unique;469;Sad;10.041;-0.500;35.931;505.376;75.382;140.518;105.154;-24.573;224.767
16a01Tb;Unique;469;Sad;10.041;-0.500;35.931;505.376;75.382;140.518;105.154;-24.573;224.767
16a01Wb;Unique;470;Ang;20.687;-0.276;53.232;316.484;73.927;175.967;168.643;-1.979;244.465
16a02Ea;Unique;471;Dis;16.572;0.803;45.575;75.122;74.460;126.331;107.999;-16.549;233.334
16a02Ea;Unique;471;Dis;16.572;0.803;45.575;75.122;74.460;126.331;107.999;-16.549;233.334
16a02Ec;Unique;472;Dis;13.302;0.150;51.219;229.263;77.016;127.358;106.330;-18.131;256.443
16a02Ec;Unique;472;Dis;13.302;0.150;51.219;229.263;77.016;127.358;106.330;-18.131;256.443
16a02Lb;Unique;473;Bor;13.632;-1.328;29.797;119.932;76.207;91.620;72.230;-18.991;171.467
16a02Lb;Unique;473;Bor;13.632;-1.328;29.797;119.932;76.207;91.620;72.230;-18.991;171.467
16a02Nb;Unique;474;Neu;11.696;-0.929;29.762;211.006;76.672;122.320;109.113;-19.711;228.529
16a02Nb;Unique;474;Neu;11.696;-0.929;29.762;211.006;76.672;122.320;109.113;-19.711;228.529
16a02Tc;Unique;475;Sad;10.756;-0.902;19.039;135.390;83.028;79.565;58.403;-26.942;183.080
16a02Tc;Unique;475;Sad;10.756;-0.902;19.039;135.390;83.028;79.565;58.403;-26.942;183.080
16a02Wb;Unique;476;Ang;22.223;-1.007;28.413;16.906;71.022;134.182;147.701;-1.995;198.145
16a04Ab;Unique;477;Fea;18.668;-0.981;45.069;144.848;74.244;127.047;150.594;-15.456;223.945
16a04Ab;Unique;477;Fea;18.668;-0.981;45.069;144.848;74.244;127.047;150.594;-15.456;223.945
16a04Ea;Unique;478;Dis;11.641;-0.311;41.435;158.128;75.478;116.286;96.350;-16.757;291.501
16a04Ea;Unique;478;Dis;11.641;-0.311;41.435;158.128;75.478;116.286;96.350;-16.757;291.501
16a04Fa;Unique;479;Hap;20.633;-0.744;47.839;133.880;73.884;158.465;146.271;-4.414;242.825
16a04Fa;Unique;479;Hap;20.633;-0.744;47.839;133.880;73.884;158.465;146.271;-4.414;242.825
16a04La;Unique;480;Bor;9.509;-0.732;27.256;121.936;74.058;83.233;77.956;-18.303;241.416
16a04La;Unique;480;Bor;9.509;-0.732;27.256;121.936;74.058;83.233;77.956;-18.303;241.416
16a04Lc;Unique;481;Bor;8.090;0.115;21.357;152.378;73.709;56.652;53.468;-16.180;167.041
16a04Lc;Unique;481;Bor;8.090;0.115;21.357;152.378;73.709;56.652;53.468;-16.180;167.041
16a04Nc;Unique;482;Neu;9.714;-0.889;24.764;214.110;77.338;101.628;90.741;-20.743;218.760
16a04Nc;Unique;482;Neu;9.714;-0.889;24.764;214.110;77.338;101.628;90.741;-20.743;218.760
16a04Tc;Unique;483;Sad;11.064;-0.426;24.303;250.877;80.613;109.953;86.849;-26.316;195.325
16a04Tc;Unique;483;Sad;11.064;-0.426;24.303;250.877;80.613;109.953;86.849;-26.316;195.325
16a04Wb;Unique;484;Ang;21.318;0.692;40.609;189.269;68.067;119.536;141.731;-1.375;206.039
16a04Wc;Unique;485;Ang;20.159;-2.684;44.603;147.887;72.154;184.221;150.010;-4.312;273.495
16a05Ab;Unique;486;Fea;20.023;-0.317;40.690;97.554;76.465;142.137;147.730;-13.494;250.296
16a05Ab;Unique;486;Fea;20.023;-0.317;40.690;97.554;76.465;142.137;147.730;-13.494;250.296
16a05Ea;Unique;487;Dis;15.138;-0.109;42.313;117.979;73.214;114.419;94.996;-17.641;223.774
16a05Ea;Unique;487;Dis;15.138;-0.109;42.313;117.979;73.214;114.419;94.996;-17.641;223.774
16a05Fc;Unique;488;Hap;20.493;0.362;40.825;50.187;71.848;157.947;147.020;-9.857;283.976
16a05Fc;Unique;488;Hap;20.493;0.362;40.825;50.187;71.848;157.947;147.020;-9.857;283.976
16a05La;Unique;489;Bor;10.903;-0.971;34.647;149.799;71.942;87.004;74.687;-23.551;288.289
16a05La;Unique;489;Bor;10.903;-0.971;34.647;149.799;71.942;87.004;74.687;-23.551;288.289
16a05Tb;Unique;490;Sad;9.590;-0.875;19.028;236.660;81.133;97.421;74.431;-27.750;286.965
16a05Tb;Unique;490;Sad;9.590;-0.875;19.028;236.660;81.133;97.421;74.431;-27.750;286.965
16a05Wb;Unique;491;Ang;19.545;0.367;57.192;118.023;73.734;153.976;161.526;-11.741;290.599
16a05Wc;Unique;492;Ang;22.061;-0.203;38.669;124.790;72.593;162.259;164.289;-7.354;324.952
16a07Ea;Unique;493;Dis;12.826;-0.320;42.090;112.543;77.173;102.043;77.418;-22.407;249.492
16a07Ea;Unique;493;Dis;12.826;-0.320;42.090;112.543;77.173;102.043;77.418;-22.407;249.492
16a07Fa;Unique;494;Hap;20.108;-1.212;37.174;35.763;70.779;161.632;136.547;-11.170;248.953
16a07Fa;Unique;494;Hap;20.108;-1.212;37.174;35.763;70.779;161.632;136.547;-11.170;248.953
16a07Fb;Unique;495;Hap;23.447;-0.938;40.836;24.791;69.462;131.658;128.134;-8.633;229.522
16a07Fb;Unique;495;Hap;23.447;-0.938;40.836;24.791;69.462;131.658;128.134;-8.633;229.522
16a07La;Unique;496;Bor;13.003;-0.830;25.996;107.615;83.803;83.963;73.767;-23.706;157.851
16a07La;Unique;496;Bor;13.003;-0.830;25.996;107.615;83.803;83.963;73.767;-23.706;157.851
16a07Lb;Unique;497;Bor;9.296;-1.015;27.946;98.510;75.195;59.300;58.467;-21.826;210.610
16a07Lb;Unique;497;Bor;9.296;-1.015;27.946;98.510;75.195;59.300;58.467;-21.826;210.610
16a07Nb;Unique;498;Neu;10.468;-1.240;44.401;383.650;82.134;108.310;91.391;-22.819;199.086
16a07Nb;Unique;498;Neu;10.468;-1.240;44.401;383.650;82.134;108.310;91.391;-22.819;199.086
16a07Td;Unique;499;Sad;8.730;-0.332;22.781;397.909;77.048;125.131;94.502;-28.078;289.546
16a07Td;Unique;499;Sad;8.730;-0.332;22.781;397.909;77.048;125.131;94.502;-28.078;289.546
16a07Wa;Unique;500;Ang;21.104;-0.022;65.405;238.674;70.401;140.097;137.579;-6.280;226.131
16b01Aa;Unique;501;Fea;19.266;-0.717;51.281;127.455;76.942;158.387;171.725;-14.625;315.229
16b01Aa;Unique;501;Fea;19.266;-0.717;51.281;127.455;76.942;158.387;171.725;-14.625;315.229
16b01Eb;Unique;502;Dis;12.878;-0.638;42.479;206.735;77.167;110.754;115.424;-20.276;307.705
16b01Eb;Unique;502;Dis;12.878;-0.638;42.479;206.735;77.167;110.754;115.424;-20.276;307.705
16b01Fa;Unique;503;Hap;22.028;-0.698;38.070;118.029;67.978;141.568;163.128;-9.593;278.458
16b01Fa;Unique;503;Hap;22.028;-0.698;38.070;118.029;67.978;141.568;163.128;-9.593;278.458
16b01La;Unique;504;Bor;9.622;-1.388;31.918;30.576;78.379;96.646;78.034;-21.896;195.933
16b01La;Unique;504;Bor;9.622;-1.388;31.918;30.576;78.379;96.646;78.034;-21.896;195.933
16b01Lc;Unique;505;Bor;11.432;-1.991;18.668;97.507;79.354;77.651;73.074;-22.839;179.724
16b01Lc;Unique;505;Bor;11.432;-1.991;18.668;97.507;79.354;77.651;73.074;-22.839;179.724
16b01Tb;Unique;506;Sad;10.521;-0.985;24.828;234.058;78.765;148.972;119.841;-28.113;206.629
16b01Tb;Unique;506;Sad;10.521;-0.985;24.828;234.058;78.765;148.972;119.841;-28.113;206.629
16b01Wa;Unique;507;Ang;13.822;-1.769;32.709;115.900;74.255;131.552;132.619;-12.173;284.176
16b01Wb;Unique;508;Ang;19.226;-1.245;32.059;63.062;73.909;137.766;140.230;-8.000;226.239
16b02Aa;Unique;509;Fea;20.183;0.135;50.963;497.129;72.110;180.376;193.047;-10.317;235.041
16b02Aa;Unique;509;Fea;20.183;0.135;50.963;497.129;72.110;180.376;193.047;-10.317;235.041
16b02Eb;Unique;510;Dis;13.191;-0.388;43.820;253.296;78.228;100.338;94.613;-19.460;254.127
16b02Eb;Unique;510;Dis;13.191;-0.388;43.820;253.296;78.228;100.338;94.613;-19.460;254.127
16b02Fd;Unique;511;Hap;19.753;0.201;40.406;167.993;72.488;150.601;140.718;-11.121;218.526
16b02Fd;Unique;511;Hap;19.753;0.201;40.406;167.993;72.488;150.601;140.718;-11.121;218.526
16b02Lb;Unique;512;Bor;10.154;-0.559;28.182;171.155;76.155;79.436;69.560;-19.227;165.639
16b02Lb;Unique;512;Bor;10.154;-0.559;28.182;171.155;76.155;79.436;69.560;-19.227;165.639
16b02Wb;Unique;513;Ang;20.903;0.440;58.512;248.453;69.047;161.722;161.769;-5.241;283.762
16b03Ad;Unique;514;Fea;19.516;-0.462;47.812;271.561;71.809;144.079;152.299;-16.786;354.089
16b03Ad;Unique;514;Fea;19.516;-0.462;47.812;271.561;71.809;144.079;152.299;-16.786;354.089
16b03Ea;Unique;515;Dis;12.087;-1.001;35.344;241.551;75.324;107.016;86.179;-18.649;260.646
16b03Ea;Unique;515;Dis;12.087;-1.001;35.344;241.551;75.324;107.016;86.179;-18.649;260.646
16b03Fa;Unique;516;Hap;20.886;-0.713;38.997;137.654;69.279;163.907;178.477;-6.557;296.399
16b03Fa;Unique;516;Hap;20.886;-0.713;38.997;137.654;69.279;163.907;178.477;-6.557;296.399
16b03Fd;Unique;517;Hap;18.288;-0.735;49.038;132.675;69.967;158.822;180.559;-10.602;356.178
16b03Fd;Unique;517;Hap;18.288;-0.735;49.038;132.675;69.967;158.822;180.559;-10.602;356.178
16b03La;Unique;518;Bor;11.771;-1.042;31.388;152.674;77.435;75.930;73.629;-23.256;246.191
16b03La;Unique;518;Bor;11.771;-1.042;31.388;152.674;77.435;75.930;73.629;-23.256;246.191
16b03Nb;Unique;519;Neu;9.790;-0.807;34.118;197.986;77.497;99.273;89.799;-21.450;293.113
16b03Nb;Unique;519;Neu;9.790;-0.807;34.118;197.986;77.497;99.273;89.799;-21.450;293.113
16b03Ta;Unique;520;Sad;8.836;-0.516;33.411;250.429;79.314;99.501;79.328;-26.209;289.296
16b03Ta;Unique;520;Sad;8.836;-0.516;33.411;250.429;79.314;99.501;79.328;-26.209;289.296
16b03Wb;Unique;521;Ang;21.226;-0.335;35.452;67.922;69.042;172.226;172.306;-4.704;279.148
16b09Ab;Unique;522;Fea;19.905;-0.834;40.796;161.368;70.330;181.122;180.869;-11.680;289.963
16b09Ab;Unique;522;Fea;19.905;-0.834;40.796;161.368;70.330;181.122;180.869;-11.680;289.963
16b09Eb;Unique;523;Dis;13.215;-0.590;37.185;107.733;73.531;114.454;84.724;-16.726;200.209
16b09Eb;Unique;523;Dis;13.215;-0.590;37.185;107.733;73.531;114.454;84.724;-16.726;200.209
16b09Fb;Unique;524;Hap;18.022;-0.853;44.929;320.855;68.471;149.444;151.874;-10.758;275.529
16b09Fb;Unique;524;Hap;18.022;-0.853;44.929;320.855;68.471;149.444;151.874;-10.758;275.529
16b09La;Unique;525;Bor;13.550;-1.063;37.779;198.176;79.173;95.934;77.268;-23.485;233.169
16b09La;Unique;525;Bor;13.550;-1.063;37.779;198.176;79.173;95.934;77.268;-23.485;233.169
16b09Lb;Unique;526;Bor;10.271;-1.527;30.426;53.475;73.475;69.221;62.374;-22.143;252.923
16b09Lb;Unique;526;Bor;10.271;-1.527;30.426;53.475;73.475;69.221;62.374;-22.143;252.923
16b09Wb;Unique;527;Ang;21.634;-0.230;37.511;135.071;70.305;142.990;140.948;-4.564;279.946
16b10Aa;Unique;528;Fea;17.264;-0.839;51.604;235.400;78.532;114.544;100.313;-16.811;232.217
16b10Aa;Unique;528;Fea;17.264;-0.839;51.604;235.400;78.532;114.544;100.313;-16.811;232.217
16b10Eb;Unique;529;Dis;13.710;-1.056;33.391;98.829;75.127;96.879;83.612;-18.530;194.903
16b10Eb;Unique;529;Dis;13.710;-1.056;33.391;98.829;75.127;96.879;83.612;-18.530;194.903
16b10Fb;Unique;530;Hap;22.265;-0.784;46.059;228.701;70.336;186.932;179.611;-6.360;223.305
16b10Fb;Unique;530;Hap;22.265;-0.784;46.059;228.701;70.336;186.932;179.611;-6.360;223.305
16b10Lb;Unique;531;Bor;9.565;-0.648;24.805;44.213;73.976;70.341;55.016;-18.811;197.313
16b10Lb;Unique;531;Bor;9.565;-0.648;24.805;44.213;73.976;70.341;55.016;-18.811;197.313
16b10Tb;Unique;532;Sad;11.108;-0.933;37.967;322.761;79.202;119.445;96.539;-23.711;232.181
16b10Tb;Unique;532;Sad;11.108;-0.933;37.967;322.761;79.202;119.445;96.539;-23.711;232.181
16b10Td;Unique;533;Sad;8.265;-0.719;22.724;154.051;75.883;85.067;56.318;-26.750;237.264
16b10Td;Unique;533;Sad;8.265;-0.719;22.724;154.051;75.883;85.067;56.318;-26.750;237.264
16b10Wa;Unique;534;Ang;19.542;-1.611;37.364;27.768;67.212;167.424;178.865;-7.486;245.799
16b10Wb;Unique;535;Ang;21.162;-0.653;43.365;29.982;72.967;167.004;160.129;-8.406;281.471
